policy_id,customer_id,product_id,year,premium,interest_rate
1,949,1,2022,20809.824796286695,3.0
2,633,3,2024,23129.163094842723,5.25
3,640,1,2015,30981.549331765556,0.25
4,446,2,2023,19730.512806840637,5.0
5,287,1,2019,11565.444832082343,2.5
6,868,2,2017,25741.621833651036,1.0
7,665,3,2022,15959.132577282126,3.0
8,325,1,2022,42775.46204304858,3.0
9,200,1,2023,18445.99572446023,5.0
10,785,1,2016,25283.16500096352,0.5
11,975,1,2024,29244.966429282213,5.25
12,148,2,2018,32094.760754008043,2.0
13,813,2,2024,31763.365122517083,5.25
14,367,1,2016,31755.97720092644,0.5
15,221,2,2020,19048.09198601703,0.25
16,228,1,2015,27948.83250264361,0.25
17,306,2,2024,2000.0,5.25
18,179,2,2017,26497.435148598935,1.0
19,888,2,2016,26994.280108838506,0.5
20,476,1,2021,28427.147392660045,0.25
21,968,1,2022,28889.30099624826,3.0
22,974,2,2016,29024.696121340436,0.5
23,417,3,2023,16640.90904815116,5.0
24,610,2,2015,17560.01996664534,0.25
25,628,1,2016,27012.94700068966,0.5
26,123,3,2017,2393.4271173361594,1.0
27,285,1,2016,5432.820081349004,0.5
28,918,3,2015,14162.963739910476,0.25
29,707,3,2022,15938.05384529961,3.0
30,752,1,2015,23002.193703730383,0.25
31,727,2,2019,41002.78315387041,2.5
32,3,1,2020,15542.201069101458,0.25
33,760,1,2021,24685.699981726855,0.25
34,262,2,2017,3802.457396009231,1.0
35,680,2,2021,15612.576432719072,0.25
36,471,3,2022,27114.875721974015,3.0
37,332,3,2024,16252.282979130914,5.25
38,965,2,2017,14003.924755845033,1.0
39,261,1,2019,2000.0,2.5
40,3,2,2015,12479.164934288248,0.25
41,772,2,2023,31381.565112018085,5.0
42,447,2,2022,15722.512061992427,3.0
43,216,1,2017,20924.157507683292,1.0
44,773,1,2018,12576.415334080242,2.0
45,957,3,2015,17058.064007624467,0.25
46,479,2,2015,31991.7657038603,0.25
47,569,2,2020,15581.733586597988,0.25
48,867,1,2020,12703.418812471302,0.25
49,682,2,2023,32246.52087643774,5.0
50,595,1,2019,19711.487314659455,2.5
51,440,3,2017,17001.34934343171,1.0
52,200,3,2020,21790.135889382083,0.25
53,668,3,2022,30635.810744740258,3.0
54,823,1,2021,21318.436254671826,0.25
55,934,1,2024,13075.055029318748,5.25
56,279,2,2017,21227.3735998386,1.0
57,135,3,2015,4341.830999550604,0.25
58,294,1,2018,10861.321054508431,2.0
59,205,3,2020,23353.923203391252,0.25
60,877,3,2018,20300.347609061253,2.0
61,697,3,2019,23967.2541917565,2.5
62,85,2,2024,24304.071874249898,5.25
63,293,1,2021,28242.072336936464,0.25
64,390,1,2019,21106.098314944476,2.5
65,138,1,2019,30127.490896521067,2.5
66,411,2,2016,24597.844208960283,0.5
67,509,2,2015,25153.52505786653,0.25
68,884,2,2018,11653.547446960005,2.0
69,218,2,2024,12839.051926101896,5.25
70,618,1,2022,14749.875029114104,3.0
71,57,2,2017,39021.20325024772,1.0
72,92,1,2020,33696.88206589734,0.25
73,784,3,2024,11151.234939228152,5.25
74,370,1,2016,19797.98282007172,0.5
75,571,3,2023,12017.797948975793,5.0
76,412,2,2023,12298.349257565347,5.0
77,771,3,2018,30094.022018607622,2.0
78,953,2,2022,5316.13176286976,3.0
79,193,1,2016,24718.18411791757,0.5
80,117,1,2024,19375.327126369575,5.25
81,707,2,2016,29969.744200914967,0.5
82,670,1,2020,21929.282205857402,0.25
83,275,3,2016,34963.108939656726,0.5
84,353,3,2015,20381.225839747483,0.25
85,904,3,2024,29535.405168404315,5.25
86,446,2,2016,22184.84337684138,0.5
87,787,3,2016,20740.07386325565,0.5
88,36,3,2019,32158.205227325467,2.5
89,624,3,2020,20802.52875345,0.25
90,741,3,2017,21730.582520335753,1.0
91,197,3,2022,13036.350858035972,3.0
92,828,3,2016,20379.833304133484,0.5
93,290,2,2024,2000.0,5.25
94,695,3,2017,15643.321941047992,1.0
95,486,2,2018,23320.844909530475,2.0
96,766,2,2019,18539.767367619585,2.5
97,411,2,2019,17825.987015445466,2.5
98,423,3,2020,25687.698224067888,0.25
99,239,3,2018,35676.66901241719,2.0
100,298,2,2024,16001.000508900863,5.25
101,42,2,2021,28652.98317344582,0.25
102,88,3,2022,19807.83846688973,3.0
103,176,1,2018,25245.583162283143,2.0
104,927,1,2023,40093.86466613512,5.0
105,278,1,2020,29305.21008304066,0.25
106,343,3,2022,32568.474835881403,3.0
107,297,2,2023,15954.12762798983,5.0
108,280,1,2015,19116.233267671734,0.25
109,424,2,2019,9218.539297356609,2.5
110,416,3,2021,13928.208527598981,0.25
111,819,2,2024,22025.4586172714,5.25
112,33,1,2016,13053.7432424107,0.5
113,28,3,2021,22330.198955115153,0.25
114,209,2,2021,15447.49436060158,0.25
115,602,3,2017,21462.511025239797,1.0
116,594,1,2023,26712.074284510767,5.0
117,248,1,2021,25930.100444665546,0.25
118,378,1,2024,24183.662779289,5.25
119,847,3,2019,33256.524170631565,2.5
120,358,3,2021,2000.0,0.25
121,703,1,2021,19699.69581987461,0.25
122,790,3,2020,27777.918558051304,0.25
123,18,3,2018,2000.0,2.0
124,213,1,2022,37281.75956524907,3.0
125,723,1,2016,16991.703572577808,0.5
126,514,2,2022,13233.464262638543,3.0
127,94,1,2019,27675.960503579736,2.5
128,857,3,2021,12261.755022682339,0.25
129,922,2,2017,33498.23252627686,1.0
130,807,3,2021,20204.264608124096,0.25
131,17,2,2023,34182.30356697643,5.0
132,239,3,2021,32318.7034435135,0.25
133,528,2,2015,21220.972908917272,0.25
134,667,2,2023,13194.510313479774,5.0
135,177,3,2021,37382.97129638895,0.25
136,131,2,2016,4837.4831020483525,0.5
137,298,3,2019,16609.23975403594,2.5
138,63,3,2024,28675.69113529244,5.25
139,998,2,2016,5337.960631246855,0.5
140,797,1,2021,7787.438869174481,0.25
141,130,1,2023,18177.81976523142,5.0
142,363,1,2018,22773.003786214314,2.0
143,616,3,2017,2000.0,1.0
144,270,3,2020,31324.931403000617,0.25
145,268,1,2022,18480.795715514883,3.0
146,500,3,2022,27075.48105349467,3.0
147,792,1,2022,12534.118278526676,3.0
148,540,3,2019,16169.692778915081,2.5
149,487,3,2020,23025.820927827433,0.25
150,914,3,2016,21572.295941079003,0.5
151,217,1,2020,26738.787140059532,0.25
152,357,2,2019,27232.082976405953,2.5
153,646,3,2017,8413.70683640846,1.0
154,286,3,2022,21899.68725469674,3.0
155,479,1,2018,18339.939258486327,2.0
156,546,1,2016,23959.533137939678,0.5
157,723,3,2017,16802.882605455015,1.0
158,698,3,2016,20524.711267547784,0.5
159,412,2,2016,39477.33217188039,0.5
160,968,3,2017,8193.864583921779,1.0
161,331,3,2021,15503.771140835499,0.25
162,693,3,2024,2000.0,5.25
163,784,2,2015,14619.019654203788,0.25
164,922,3,2024,8935.598618273958,5.25
165,449,2,2020,39473.53884555852,0.25
166,697,1,2015,16732.901073813868,0.25
167,927,3,2017,15955.046237309813,1.0
168,27,3,2018,26478.061216671704,2.0
169,112,3,2022,9284.44481872138,3.0
170,492,3,2016,27687.66631480644,0.5
171,817,2,2021,27349.123315981327,0.25
172,137,1,2017,35683.176750712206,1.0
173,538,1,2015,25474.454912279973,0.25
174,262,2,2020,2000.0,0.25
175,647,2,2016,31390.068050532667,0.5
176,781,2,2017,51775.070109529406,1.0
177,689,2,2020,19712.263590774593,0.25
178,522,3,2017,20010.002085180877,1.0
179,299,3,2019,15115.011422646014,2.5
180,110,2,2017,3651.4583070271874,1.0
181,433,3,2021,23669.84565303603,0.25
182,479,3,2021,14509.960303653113,0.25
183,624,1,2015,23335.247361937243,0.25
184,613,3,2020,23640.828434715957,0.25
185,786,1,2017,38990.469111931,1.0
186,267,3,2021,15980.547087197992,0.25
187,778,1,2015,7577.384209033804,0.25
188,668,1,2024,22842.579687773392,5.25
189,213,1,2017,19019.79051385962,1.0
190,309,1,2024,38713.479077922515,5.25
191,54,2,2016,28323.463186602825,0.5
192,665,3,2022,18676.502641917683,3.0
193,774,2,2022,30211.729554661862,3.0
194,874,3,2023,31151.572246296135,5.0
195,395,2,2023,10587.568310045279,5.0
196,512,3,2016,24505.602469615285,0.5
197,801,2,2021,42193.78973247809,0.25
198,325,2,2021,5137.433837975852,0.25
199,738,1,2018,12482.097006858668,2.0
200,96,2,2020,17971.957824819074,0.25
201,174,1,2015,25162.36265500602,0.25
202,344,1,2020,23262.755478718012,0.25
203,205,2,2015,22081.993296282864,0.25
204,55,3,2019,18010.827698148056,2.5
205,747,2,2018,23130.90902055902,2.0
206,710,1,2020,34154.03818830825,0.25
207,226,1,2019,37097.64651153283,2.5
208,307,2,2019,30840.602126301383,2.5
209,281,2,2017,32140.61585529149,1.0
210,617,2,2024,20873.02389184083,5.25
211,791,2,2016,46169.98233340941,0.5
212,690,3,2021,5594.072796020826,0.25
213,302,1,2024,22546.511454173433,5.25
214,205,2,2022,27569.775995456388,3.0
215,220,2,2019,20743.69778925365,2.5
216,428,2,2023,31141.43350880499,5.0
217,141,1,2015,18433.938475972696,0.25
218,455,1,2017,32906.21361346367,1.0
219,944,1,2022,21263.650605286002,3.0
220,145,2,2019,16194.419328035809,2.5
221,969,1,2016,14944.201543287643,0.5
222,526,2,2024,22898.757000335252,5.25
223,158,2,2023,14092.543553208548,5.0
224,105,3,2015,2000.0,0.25
225,742,3,2017,2000.0,1.0
226,890,3,2018,15091.303413426958,2.0
227,926,1,2021,16576.681156546423,0.25
228,289,3,2018,32553.840769097005,2.0
229,632,1,2016,23538.815512443616,0.5
230,694,2,2016,21364.000061278755,0.5
231,185,3,2024,12649.981128374273,5.25
232,217,3,2015,48586.50384911055,0.25
233,31,1,2021,20175.38157748902,0.25
234,279,1,2023,29433.70143413098,5.0
235,948,3,2024,20261.44528531142,5.25
236,475,1,2016,25886.779847247253,0.5
237,225,1,2021,5785.194703083207,0.25
238,883,1,2022,23922.35142560948,3.0
239,822,2,2017,21005.781899626167,1.0
240,687,3,2018,21163.837834342874,2.0
241,177,1,2023,30955.98138574868,5.0
242,84,1,2018,4149.313522196768,2.0
243,568,2,2020,15302.74031799025,0.25
244,92,2,2022,2000.0,3.0
245,8,2,2024,17372.88780260168,5.25
246,662,2,2016,30981.805436614093,0.5
247,574,3,2015,29898.661004567988,0.25
248,54,3,2021,17806.591656167286,0.25
249,163,1,2015,22083.132044213864,0.25
250,631,3,2018,16349.41174100361,2.0
251,479,1,2019,20450.44655017588,2.5
252,108,3,2016,31118.727382460387,0.5
253,856,3,2024,37143.01353121319,5.25
254,271,3,2018,27189.820708555224,2.0
255,626,1,2024,19334.190986094432,5.25
256,237,1,2021,37529.095904938586,0.25
257,991,2,2018,25866.51259161127,2.0
258,261,1,2015,17331.58496017429,0.25
259,982,2,2024,18650.153898174012,5.25
260,529,1,2018,15747.076110176116,2.0
261,604,1,2020,27416.045071226228,0.25
262,629,3,2019,23157.515726199166,2.5
263,387,1,2018,22161.168292779443,2.0
264,403,3,2016,14211.085413504748,0.5
265,358,1,2024,39790.29402454181,5.25
266,219,2,2020,18628.610783707976,0.25
267,465,1,2020,31540.795708239617,0.25
268,992,3,2020,9987.588262649439,0.25
269,421,3,2018,25375.620096312683,2.0
270,149,3,2022,13758.916865214895,3.0
271,357,3,2015,25455.13418133488,0.25
272,51,1,2024,11970.183410892048,5.25
273,54,3,2022,8224.774153762839,3.0
274,139,3,2022,10426.764971860977,3.0
275,961,1,2019,4256.981584027981,2.5
276,670,3,2023,12787.740417086714,5.0
277,858,2,2023,28074.551871632466,5.0
278,749,2,2024,12424.231466103687,5.25
279,113,3,2018,13554.859146280467,2.0
280,427,2,2016,23291.58110816608,0.5
281,498,3,2015,2000.0,0.25
282,292,1,2022,26792.888780451452,3.0
283,346,2,2022,19317.340043153286,3.0
284,511,2,2021,24289.865918110936,0.25
285,441,1,2017,18987.162401459955,1.0
286,746,2,2017,17234.885091746033,1.0
287,632,3,2024,29123.93561505069,5.25
288,603,3,2022,19725.296615996864,3.0
289,922,2,2022,26119.989314911105,3.0
290,722,1,2016,30019.600392031454,0.5
291,481,3,2015,8072.395109716508,0.25
292,228,3,2015,13037.299461174727,0.25
293,997,2,2015,11701.592004290394,0.25
294,610,1,2017,16535.1779324085,1.0
295,828,3,2015,21656.075605729464,0.25
296,90,1,2022,11100.860023382938,3.0
297,790,2,2022,11919.982150857923,3.0
298,536,2,2023,16469.96525994456,5.0
299,396,3,2018,29053.516160661533,2.0
300,75,1,2022,14804.70409403275,3.0
301,828,1,2021,20944.814587242614,0.25
302,661,2,2018,17014.654766931366,2.0
303,336,2,2015,18889.799646947,0.25
304,164,2,2017,13347.279026182337,1.0
305,519,2,2022,2000.0,3.0
306,957,2,2022,13573.035316086778,3.0
307,565,3,2016,22250.169827711874,0.5
308,156,3,2021,20652.658948798988,0.25
309,792,1,2015,26955.05187986668,0.25
310,503,3,2018,5255.933051108872,2.0
311,821,3,2021,23719.715390592675,0.25
312,781,3,2018,14489.285984142942,2.0
313,334,1,2018,12320.40102343174,2.0
314,491,3,2021,25222.310360034313,0.25
315,607,1,2015,27918.387542546476,0.25
316,328,1,2019,31470.449630781004,2.5
317,1,3,2020,25535.292861972244,0.25
318,360,3,2021,18958.701994770687,0.25
319,627,3,2021,5299.118817462086,0.25
320,337,2,2021,32415.99642293492,0.25
321,553,1,2016,22274.11611767046,0.5
322,187,1,2020,10762.429215883776,0.25
323,269,2,2023,22139.415951380754,5.0
324,950,2,2021,5362.133196805473,0.25
325,431,3,2021,33519.34495676588,0.25
326,539,2,2016,16028.095632135015,0.5
327,973,2,2021,8973.075148318923,0.25
328,123,2,2023,32896.59880999873,5.0
329,552,1,2017,6795.683411141468,1.0
330,219,2,2016,19735.377535563195,0.5
331,416,3,2020,21334.150080418203,0.25
332,766,1,2016,6933.472375859343,0.5
333,186,1,2015,15968.406364954879,0.25
334,588,2,2024,2000.0,5.25
335,939,2,2018,15681.275030705656,2.0
336,564,2,2023,2000.0,5.0
337,205,2,2024,28910.21373022998,5.25
338,336,3,2017,13716.06346386475,1.0
339,802,2,2017,7919.195014149751,1.0
340,390,3,2020,22063.434164868177,0.25
341,304,2,2020,2438.986419309509,0.25
342,914,2,2022,12601.726406628586,3.0
343,849,3,2024,27255.448212438947,5.25
344,679,2,2020,5959.080317098389,0.25
345,512,1,2022,17184.90471521154,3.0
346,974,3,2022,11634.83187741597,3.0
347,775,3,2021,2000.0,0.25
348,774,1,2019,8350.079427215247,2.5
349,972,3,2018,12950.765153961647,2.0
350,226,2,2015,22367.53448583355,0.25
351,821,3,2020,33742.57762938441,0.25
352,513,3,2022,19767.603581065985,3.0
353,29,1,2018,21061.142060209728,2.0
354,604,3,2021,27530.37485794694,0.25
355,965,2,2017,24225.361829396817,1.0
356,981,3,2019,13283.641680569473,2.5
357,615,3,2021,14200.97179873355,0.25
358,512,1,2023,25658.163595291782,5.0
359,635,1,2023,24931.16476845913,5.0
360,614,3,2021,22033.162108245735,0.25
361,354,2,2018,13736.928354450803,2.0
362,725,1,2020,36233.44791021676,0.25
363,472,1,2018,11971.784639297912,2.0
364,689,2,2017,18907.079830193787,1.0
365,315,1,2023,34064.531156246245,5.0
366,909,3,2019,21213.44089529951,2.5
367,557,1,2022,19385.062549130118,3.0
368,942,2,2017,22922.11029629136,1.0
369,890,3,2023,13568.900299986326,5.0
370,279,2,2015,19066.43202147527,0.25
371,288,2,2016,27384.301750776336,0.5
372,840,2,2018,29376.899788706294,2.0
373,367,2,2016,35956.839242354356,0.5
374,331,1,2023,12598.285020982266,5.0
375,397,1,2021,33177.900706942935,0.25
376,821,1,2016,26026.985661359442,0.5
377,788,1,2018,30816.49365631021,2.0
378,385,3,2020,6670.591022452383,0.25
379,825,1,2016,12479.979082356029,0.5
380,578,2,2023,22306.84409194049,5.0
381,511,3,2017,27058.278133059088,1.0
382,907,1,2016,15707.681688339486,0.5
383,558,1,2018,16280.76018723506,2.0
384,30,3,2019,9380.870300234257,2.5
385,197,1,2018,14990.585448418758,2.0
386,263,2,2017,16174.674450358294,1.0
387,408,2,2017,16235.661343247571,1.0
388,95,2,2017,10998.235449327567,1.0
389,944,2,2017,39213.71447266252,1.0
390,990,1,2020,30207.085985814112,0.25
391,43,2,2018,26653.39794724071,2.0
392,762,1,2021,31462.17885187803,0.25
393,847,1,2021,25786.07628564871,0.25
394,36,1,2018,42349.2925992024,2.0
395,458,1,2015,11949.108144406026,0.25
396,129,3,2023,2000.0,5.0
397,519,3,2021,11146.698595714,0.25
398,44,3,2020,2000.0,0.25
399,61,2,2019,7686.779383816995,2.5
400,538,1,2023,13897.983404364892,5.0
401,363,1,2023,18572.433618990628,5.0
402,875,2,2024,30683.887018900183,5.25
403,121,3,2020,36703.19379426466,0.25
404,497,1,2022,22954.337634600124,3.0
405,158,2,2021,7805.9036208669295,0.25
406,257,3,2015,14928.593131104612,0.25
407,575,2,2016,17064.199743203506,0.5
408,271,2,2023,15727.380017305073,5.0
409,959,1,2024,6542.334147377853,5.25
410,311,3,2018,32840.87032956747,2.0
411,313,3,2017,4572.902682181839,1.0
412,117,1,2016,14691.480940327841,0.5
413,788,3,2022,21357.45501861424,3.0
414,918,2,2021,21718.67242569457,0.25
415,345,2,2023,15937.725812554972,5.0
416,178,2,2017,23064.51016310611,1.0
417,117,1,2015,9358.813238188177,0.25
418,676,3,2023,18996.17266326137,5.0
419,755,1,2019,7016.560178224889,2.5
420,165,1,2019,11202.292776488714,2.5
421,174,1,2017,29756.17812909348,1.0
422,631,1,2022,17691.64272880763,3.0
423,749,3,2022,18131.55220984638,3.0
424,155,2,2015,15083.127347787278,0.25
425,659,2,2018,13266.374202287694,2.0
426,595,2,2020,20220.257530118513,0.25
427,784,3,2023,42383.905557810256,5.0
428,510,3,2016,5858.063425963293,0.5
429,310,3,2021,10201.315706173453,0.25
430,725,2,2024,10559.378176175514,5.25
431,737,3,2015,2000.0,0.25
432,234,2,2024,18785.823986014893,5.25
433,351,2,2018,17806.80288497065,2.0
434,162,1,2024,13669.931105756395,5.25
435,591,3,2021,26499.397321554912,0.25
436,691,1,2017,15440.269364103799,1.0
437,292,3,2017,18284.62967230436,1.0
438,127,3,2018,21619.716104763025,2.0
439,693,1,2022,16371.25097512819,3.0
440,602,3,2017,36982.16701116231,1.0
441,94,3,2022,16011.442976157683,3.0
442,446,3,2024,26503.2636974876,5.25
443,927,2,2023,19259.96040520008,5.0
444,89,2,2022,19730.727571303563,3.0
445,388,3,2022,28706.824057960934,3.0
446,780,1,2023,16887.165683278417,5.0
447,249,2,2018,19461.352538214695,2.0
448,181,2,2017,22483.4410344502,1.0
449,61,3,2022,14093.304075831242,3.0
450,147,2,2015,24934.886904562874,0.25
451,631,1,2024,35084.99471764572,5.25
452,696,1,2015,11453.223651625347,0.25
453,777,1,2018,13588.086626976792,2.0
454,281,1,2024,9578.576055912848,5.25
455,566,2,2017,38081.298492016125,1.0
456,112,2,2024,26035.62421902251,5.25
457,687,1,2016,7125.110284416356,0.5
458,297,2,2023,5042.781037913886,5.0
459,691,3,2019,26301.225576941033,2.5
460,562,3,2017,43319.54972613377,1.0
461,117,3,2023,19386.26678172646,5.0
462,903,3,2022,5199.948218190191,3.0
463,27,3,2018,3596.512337541277,2.0
464,432,1,2024,16420.32260375617,5.25
465,879,2,2019,5994.2563732382805,2.5
466,311,1,2019,17461.913876212457,2.5
467,703,1,2022,25157.63780607084,3.0
468,875,1,2021,22652.408363822815,0.25
469,390,2,2017,24408.930961880404,1.0
470,675,3,2020,22515.447952141898,0.25
471,928,1,2020,27275.868217877458,0.25
472,462,2,2016,17469.954986878365,0.5
473,6,1,2015,21008.12688961187,0.25
474,703,2,2021,33016.18608069824,0.25
475,530,1,2017,27928.85616345849,1.0
476,159,3,2019,7389.027821017211,2.5
477,308,2,2022,11949.592472274395,3.0
478,656,1,2019,7247.382351214035,2.5
479,952,3,2019,17982.595318639193,2.5
480,195,3,2019,2000.0,2.5
481,479,2,2021,25901.80745215004,0.25
482,230,3,2016,10533.68080489348,0.5
483,506,2,2015,2143.1586737561884,0.25
484,702,2,2018,41506.49497332488,2.0
485,337,3,2019,12791.926476227221,2.5
486,692,3,2021,2728.145554865612,0.25
487,133,2,2015,14236.401144150746,0.25
488,949,3,2023,35732.01908538078,5.0
489,720,2,2024,2000.0,5.25
490,657,3,2018,29943.355814323164,2.0
491,159,2,2020,2285.6346055163485,0.25
492,272,3,2015,24685.49328329921,0.25
493,953,3,2023,8798.185153755698,5.0
494,533,1,2018,20297.621011315805,2.0
495,681,1,2019,14957.903985267076,2.5
496,295,2,2022,23128.13913825222,3.0
497,805,1,2020,25724.538104705403,0.25
498,937,1,2024,25010.926606371875,5.25
499,821,2,2017,12679.437632431618,1.0
500,330,3,2024,22690.911632693074,5.25
501,800,3,2022,29263.450876645984,3.0
502,281,2,2020,17615.866335480154,0.25
503,437,1,2016,21670.285823450125,0.5
504,64,3,2019,8665.232317278722,2.5
505,929,1,2017,22846.667732277867,1.0
506,359,2,2018,13579.42251648087,2.0
507,229,1,2023,17910.34819969599,5.0
508,614,2,2017,19851.434089379676,1.0
509,806,2,2019,21968.368542810505,2.5
510,247,3,2022,15844.905244268713,3.0
511,92,2,2023,36560.49224649108,5.0
512,847,3,2021,10328.200455716873,0.25
513,648,2,2018,4049.5566703469813,2.0
514,1,3,2023,7296.533277453325,5.0
515,970,1,2016,9766.734205054907,0.5
516,315,2,2016,20030.626461341253,0.5
517,291,1,2018,37983.48091487555,2.0
518,246,2,2016,23787.904871591716,0.5
519,240,2,2017,17326.393764170985,1.0
520,481,2,2019,12941.397420384135,2.5
521,272,3,2017,31587.418832865704,1.0
522,654,3,2015,8943.800897643163,0.25
523,517,1,2017,4052.5879517161957,1.0
524,848,1,2020,11057.92291367037,0.25
525,789,2,2017,14528.581865632346,1.0
526,314,1,2023,25738.75503487674,5.0
527,569,2,2017,27947.606598353428,1.0
528,139,2,2017,25151.364697191355,1.0
529,498,2,2017,2000.0,1.0
530,327,3,2019,19979.654024487045,2.5
531,121,1,2021,20361.92849734593,0.25
532,392,3,2019,23932.141709252024,2.5
533,465,2,2023,4703.104544030151,5.0
534,990,2,2020,15658.31890337597,0.25
535,910,3,2015,15382.16975032599,0.25
536,177,1,2023,28836.130160706132,5.0
537,364,3,2017,20158.7846744424,1.0
538,498,3,2022,12975.05275786257,3.0
539,161,1,2017,2000.0,1.0
540,664,2,2022,6262.216572213703,3.0
541,967,1,2018,25566.64110288428,2.0
542,550,1,2015,2000.0,0.25
543,335,3,2020,2000.0,0.25
544,50,2,2021,27497.828052642297,0.25
545,747,2,2022,26248.976993389406,3.0
546,89,2,2020,6223.738752802452,0.25
547,576,3,2015,17044.28525903346,0.25
548,893,3,2019,34330.24562510144,2.5
549,721,1,2023,20248.28608435671,5.0
550,225,1,2017,23382.25850874735,1.0
551,386,3,2019,34724.13048359116,2.5
552,167,1,2020,38056.54866641419,0.25
553,714,3,2019,20021.62601762267,2.5
554,654,1,2018,34144.69841077908,2.0
555,908,2,2016,28654.656631223843,0.5
556,337,3,2019,15050.977135053345,2.5
557,590,1,2024,23640.28585702586,5.25
558,435,3,2015,2000.0,0.25
559,522,3,2015,25594.825583099475,0.25
560,248,1,2022,14466.545851478022,3.0
561,44,1,2018,11729.666110129008,2.0
562,487,3,2015,30041.098931021123,0.25
563,808,3,2016,9529.692648699209,0.5
564,477,1,2019,23481.164506792047,2.5
565,109,2,2021,29080.71513149688,0.25
566,700,2,2019,15184.565589155034,2.5
567,70,2,2024,21524.84450397951,5.25
568,744,3,2020,12144.33802624125,0.25
569,543,2,2021,10494.267889328745,0.25
570,805,3,2017,17492.064807765164,1.0
571,969,1,2024,51430.55098021765,5.25
572,698,2,2019,37815.50799847947,2.5
573,683,1,2022,14509.75447823892,3.0
574,109,2,2020,18494.78405168303,0.25
575,609,2,2016,15699.91182745119,0.5
576,839,1,2023,6770.6752031416145,5.0
577,550,1,2016,12371.217848660996,0.5
578,264,3,2020,14993.629044993751,0.25
579,290,1,2016,2000.0,0.5
580,145,3,2024,16828.02176503297,5.25
581,529,3,2021,27037.02202923064,0.25
582,94,1,2015,39206.72840345902,0.25
583,338,2,2018,25180.02437515554,2.0
584,565,2,2022,10883.968577460597,3.0
585,999,2,2023,9972.973366778726,5.0
586,911,1,2024,19101.96528406507,5.25
587,832,2,2017,20332.08722454696,1.0
588,621,3,2023,18735.075380068352,5.0
589,569,1,2022,31570.905384039223,3.0
590,660,3,2018,24283.83431707585,2.0
591,61,2,2015,24756.662412866375,0.25
592,537,2,2024,23306.742478009153,5.25
593,78,2,2019,13103.746623745716,2.5
594,539,3,2021,3512.763649184264,0.25
595,431,2,2019,18671.528304129526,2.5
596,99,3,2019,13435.339782130344,2.5
597,540,1,2019,26383.782751048613,2.5
598,646,1,2017,14140.668233064658,1.0
599,809,1,2020,31596.346161988047,0.25
600,315,2,2018,26433.02691118978,2.0
601,223,3,2024,36652.942247624786,5.25
602,846,2,2016,35725.59833985993,0.5
603,189,1,2018,27350.649419787762,2.0
604,976,1,2020,8539.33339298753,0.25
605,305,2,2020,15572.400908992611,0.25
606,876,2,2023,12967.644542260176,5.0
607,356,2,2022,21103.89120196096,3.0
608,773,3,2019,24511.612573441947,2.5
609,480,2,2024,16852.825956761968,5.25
610,779,1,2017,25967.96816545238,1.0
611,854,1,2018,13414.16666818718,2.0
612,747,3,2019,2000.0,2.5
613,40,2,2015,22188.824099014586,0.25
614,476,3,2023,17218.26076547094,5.0
615,114,2,2018,21253.910232327195,2.0
616,326,1,2022,27805.768800226764,3.0
617,679,2,2019,17688.487891798868,2.5
618,838,2,2019,7798.621375505043,2.5
619,622,1,2016,14085.431340620624,0.5
620,532,1,2022,34159.944429144554,3.0
621,230,1,2024,24385.89926525502,5.25
622,388,2,2021,31642.905171155035,0.25
623,985,3,2016,15174.690143521122,0.5
624,781,2,2020,27345.02097605351,0.25
625,305,3,2023,29669.31759523035,5.0
626,76,2,2022,4637.966499688826,3.0
627,265,2,2024,22948.996324664415,5.25
628,315,2,2017,21970.23360678373,1.0
629,628,2,2021,8268.289398974935,0.25
630,515,3,2018,8353.588357930583,2.0
631,992,2,2018,40411.37693135685,2.0
632,523,1,2021,21709.39753923157,0.25
633,261,1,2021,32637.899920334385,0.25
634,931,2,2015,27387.147362251897,0.25
635,369,3,2015,20520.195901339273,0.25
636,664,1,2020,9866.145234188554,0.25
637,710,1,2016,26498.178082726095,0.5
638,82,1,2017,20091.42815630065,1.0
639,637,2,2016,21638.37581403098,0.5
640,230,1,2016,22737.48602386307,0.5
641,646,3,2022,23548.716912402237,3.0
642,598,3,2022,25445.62640063894,3.0
643,298,3,2020,10932.999007343393,0.25
644,555,1,2017,27031.930198810525,1.0
645,910,1,2019,27344.430692125075,2.5
646,716,3,2021,22069.770829927154,0.25
647,281,1,2019,26041.235028056224,2.5
648,468,3,2021,34430.27643090206,0.25
649,530,2,2024,28475.363360187377,5.25
650,408,2,2021,8526.987415982012,0.25
651,703,2,2018,14615.029471759299,2.0
652,975,1,2024,18105.69571551157,5.25
653,223,2,2024,14102.462387369738,5.25
654,874,2,2020,6122.350725107701,0.25
655,769,3,2023,29412.00956282221,5.0
656,15,3,2018,12092.95470825722,2.0
657,694,3,2024,32257.242918096745,5.25
658,546,2,2015,3830.2657928087137,0.25
659,180,3,2022,27784.660110742698,3.0
660,2,2,2018,28555.442468709734,2.0
661,932,1,2022,22314.456450628517,3.0
662,151,2,2023,17440.77061163664,5.0
663,920,3,2022,19884.157011448395,3.0
664,110,3,2015,20183.789124865587,0.25
665,928,3,2023,24617.726569104565,5.0
666,307,3,2019,18202.386423985972,2.5
667,814,1,2022,19676.36289386782,3.0
668,397,1,2020,23366.3453921155,0.25
669,865,2,2021,20254.166834219373,0.25
670,618,3,2017,11120.2726672247,1.0
671,767,1,2023,12139.316006791394,5.0
672,14,1,2023,19240.271088497095,5.0
673,273,1,2024,2715.80324788468,5.25
674,378,3,2016,18559.443267924988,0.5
675,656,1,2018,21713.79188083777,2.0
676,928,3,2018,19085.972508661227,2.0
677,207,1,2015,24570.29158720668,0.25
678,619,1,2018,22024.315214313636,2.0
679,247,3,2017,28534.47770455656,1.0
680,735,3,2016,21586.48671118614,0.5
681,780,3,2020,39344.153910339875,0.25
682,737,1,2017,20306.10219653113,1.0
683,387,2,2024,27619.392306489935,5.25
684,75,2,2023,18148.295004352305,5.0
685,949,3,2023,20361.526950979398,5.0
686,43,3,2022,10537.004920552476,3.0
687,133,2,2022,18988.602443793236,3.0
688,431,2,2016,11704.762823025005,0.5
689,795,3,2020,31481.294685364686,0.25
690,895,3,2018,21818.473778819003,2.0
691,436,3,2024,25700.881948283793,5.25
692,56,2,2016,2543.9081064025995,0.5
693,208,2,2016,3754.7555166000657,0.5
694,739,2,2024,16830.581900659796,5.25
695,104,3,2021,5798.6448179049985,0.25
696,464,1,2015,2000.0,0.25
697,848,2,2022,28007.14555744198,3.0
698,470,1,2019,23241.91508682252,2.5
699,580,1,2024,12039.971546481162,5.25
700,250,2,2022,21232.31713037522,3.0
701,992,2,2016,38368.68875844288,0.5
702,603,2,2015,10713.714779723554,0.25
703,783,3,2016,29132.70793992849,0.5
704,403,1,2020,15446.916062370325,0.25
705,26,1,2018,13828.532882893776,2.0
706,719,1,2022,7461.417577685146,3.0
707,941,1,2023,21423.75807649918,5.0
708,764,3,2023,28061.194732511598,5.0
709,10,2,2019,23105.42450576257,2.5
710,610,2,2020,17831.543638505045,0.25
711,614,3,2021,13524.36896850562,0.25
712,497,2,2018,37303.83112291437,2.0
713,410,1,2024,14414.581056355066,5.25
714,136,3,2017,14338.306075296112,1.0
715,848,3,2016,4371.012925029989,0.5
716,221,1,2024,37516.200600875134,5.25
717,544,3,2018,3055.869309930069,2.0
718,277,1,2023,29503.582050467987,5.0
719,96,3,2019,25992.236065151978,2.5
720,813,2,2015,15194.086524417355,0.25
721,439,1,2019,22275.98125129182,2.5
722,508,2,2020,24657.62571652317,0.25
723,780,3,2024,42674.74215597357,5.25
724,688,3,2020,37600.280527405135,0.25
725,615,3,2019,27382.533353397765,2.5
726,187,3,2022,22530.817774383202,3.0
727,842,3,2019,26666.569451156258,2.5
728,838,2,2024,22351.603312558516,5.25
729,37,1,2017,23559.093687758133,1.0
730,210,3,2017,13497.41181498819,1.0
731,880,3,2018,19321.789641922227,2.0
732,415,3,2024,27794.090018388306,5.25
733,995,2,2022,20550.899259340873,3.0
734,767,3,2023,24904.602006029712,5.0
735,131,3,2021,14846.149207378181,0.25
736,837,3,2016,19532.553873376517,0.5
737,98,1,2023,7641.175974979364,5.0
738,443,1,2020,27916.188572002837,0.25
739,545,3,2020,2445.814997967067,0.25
740,36,1,2020,24803.107280166198,0.25
741,970,3,2015,6320.918079606401,0.25
742,749,3,2023,10516.030637236237,5.0
743,515,1,2020,10173.484070714067,0.25
744,971,1,2021,28594.40739906845,0.25
745,643,3,2015,7890.183272227969,0.25
746,220,1,2019,18146.017833896225,2.5
747,362,1,2017,15824.040343625535,1.0
748,955,1,2023,17443.236660983166,5.0
749,694,2,2016,27480.51355420829,0.5
750,28,2,2018,18723.07073851582,2.0
751,905,2,2017,18567.865747109678,1.0
752,538,2,2023,10878.76699615084,5.0
753,669,2,2017,10474.589762574664,1.0
754,522,3,2015,5981.348414924425,0.25
755,923,1,2022,16446.93606664958,3.0
756,959,2,2015,34849.95838633059,0.25
757,109,1,2015,21797.977263030618,0.25
758,830,3,2021,20572.64968292287,0.25
759,608,1,2023,4436.01387170399,5.0
760,658,1,2018,31146.79351316707,2.0
761,181,3,2024,36016.12598413463,5.25
762,210,3,2018,11633.062635746764,2.0
763,342,1,2019,10236.949291853969,2.5
764,657,1,2019,34384.644653444644,2.5
765,49,3,2016,23872.845298489465,0.5
766,473,2,2023,37188.59723753836,5.0
767,666,2,2024,31784.801098115335,5.25
768,773,2,2023,2000.0,5.0
769,329,2,2023,35908.46039861308,5.0
770,556,1,2023,21304.72440476843,5.0
771,236,2,2015,20229.471963206972,0.25
772,920,2,2022,20326.921731600174,3.0
773,441,3,2022,19218.32523799817,3.0
774,121,3,2018,4798.8282703694,2.0
775,248,3,2024,33851.41762314938,5.25
776,519,3,2015,14464.21292094559,0.25
777,20,1,2015,16883.93070362521,0.25
778,696,1,2015,25775.769989769393,0.25
779,503,1,2017,37496.63207730119,1.0
780,364,2,2024,19163.32496330926,5.25
781,489,2,2017,21997.85125084826,1.0
782,200,1,2018,34012.934035046164,2.0
783,766,2,2016,25662.269643247782,0.5
784,403,2,2023,24690.81845597098,5.0
785,245,2,2024,2000.0,5.25
786,483,2,2023,17022.848506592447,5.0
787,576,2,2024,21685.396473149038,5.25
788,811,3,2021,21582.453588677796,0.25
789,812,1,2016,29161.119206717463,0.5
790,665,1,2017,7767.84773669549,1.0
791,17,2,2022,9768.267243665494,3.0
792,39,2,2023,29722.37088758702,5.0
793,665,3,2018,30894.521770735308,2.0
794,867,1,2023,9658.744214119548,5.0
795,295,3,2018,22691.45777550319,2.0
796,39,3,2016,17560.02584853174,0.5
797,187,1,2021,13557.484922725223,0.25
798,750,3,2023,8004.569241539903,5.0
799,962,3,2016,11031.941785598,0.5
800,784,1,2022,11784.046444414322,3.0
801,309,1,2020,35516.978100428125,0.25
802,362,1,2023,24953.227696728645,5.0
803,462,3,2019,22841.50354751868,2.5
804,669,2,2015,8800.225329828392,0.25
805,231,2,2019,33247.50664247402,2.5
806,706,2,2024,34429.696255680705,5.25
807,250,3,2021,22452.75660680782,0.25
808,778,3,2021,21327.775150593225,0.25
809,2,2,2018,21354.19980038965,2.0
810,475,1,2024,27404.028502318622,5.25
811,653,1,2020,5389.894677338596,0.25
812,182,3,2020,9352.660801092496,0.25
813,2,2,2024,11999.060956113572,5.25
814,170,3,2024,15300.976791044963,5.25
815,270,3,2015,23053.327486330516,0.25
816,977,2,2019,30177.144743759556,2.5
817,307,3,2021,29305.937678760318,0.25
818,876,1,2019,4284.356288953155,2.5
819,49,1,2022,38911.62644359395,3.0
820,422,2,2015,42107.84988762911,0.25
821,996,3,2023,36424.29742078841,5.0
822,930,1,2016,13103.575550272086,0.5
823,285,2,2022,15074.98362922187,3.0
824,879,2,2019,4248.375234616617,2.5
825,380,2,2024,22864.288544820276,5.25
826,832,3,2021,22721.52633227394,0.25
827,791,2,2021,16360.142901208468,0.25
828,791,3,2015,10864.905442599056,0.25
829,504,2,2022,22223.900544870547,3.0
830,784,3,2017,18308.436353068533,1.0
831,556,1,2018,23894.761193188875,2.0
832,572,3,2017,35617.008855020176,1.0
833,199,1,2016,26692.375869953627,0.5
834,109,1,2021,22425.22596204169,0.25
835,65,2,2024,21980.077372372718,5.25
836,915,1,2019,9620.539410480977,2.5
837,685,3,2021,19481.840504556378,0.25
838,353,1,2015,23112.778142772568,0.25
839,98,3,2024,29223.41129389772,5.25
840,129,3,2016,26705.537732125216,0.5
841,268,3,2020,17414.70552905778,0.25
842,409,2,2020,33741.59601731644,0.25
843,87,3,2017,2000.0,1.0
844,601,2,2024,25685.189264142697,5.25
845,991,1,2015,10448.840189074297,0.25
846,856,1,2017,35318.46434596904,1.0
847,394,2,2018,29908.214735852278,2.0
848,450,1,2015,5294.76626693941,0.25
849,929,1,2021,9958.838878819932,0.25
850,741,1,2017,2674.244993178494,1.0
851,471,1,2022,27581.023053083412,3.0
852,642,3,2021,24524.432370238057,0.25
853,644,1,2020,29076.39496237588,0.25
854,919,3,2022,2000.0,3.0
855,765,1,2023,11798.566223188003,5.0
856,110,2,2016,27346.583405710615,0.5
857,809,2,2024,32761.11145364697,5.25
858,294,3,2023,16517.589326138244,5.0
859,215,2,2024,22874.466735146758,5.25
860,312,3,2019,27825.347117081576,2.5
861,204,1,2015,35455.6922111767,0.25
862,428,2,2015,4444.810845869486,0.25
863,960,3,2021,17876.228539783926,0.25
864,536,3,2020,4777.339431045961,0.25
865,93,1,2024,24598.124872814984,5.25
866,681,1,2023,5524.48381644716,5.0
867,28,2,2015,19995.7435018444,0.25
868,318,3,2024,21166.092628461087,5.25
869,399,1,2024,11903.83778010645,5.25
870,702,2,2024,30017.139779721772,5.25
871,266,3,2024,22346.111552406146,5.25
872,896,1,2021,20469.05175636225,0.25
873,994,2,2022,13071.14531289972,3.0
874,285,2,2024,18027.130300223234,5.25
875,927,1,2018,10915.313727952123,2.0
876,63,1,2015,16866.536644577845,0.25
877,599,3,2017,20117.97632245312,1.0
878,914,3,2016,45929.42100053626,0.5
879,519,1,2017,19235.74568737969,1.0
880,667,2,2020,12893.645721074441,0.25
881,905,1,2024,7137.52308367244,5.25
882,20,3,2017,26393.354022099193,1.0
883,764,3,2024,9541.960385926064,5.25
884,885,1,2018,23805.56119398699,2.0
885,981,3,2015,33831.22717126133,0.25
886,348,2,2020,27590.557616953116,0.25
887,50,3,2016,10641.399507137001,0.5
888,189,2,2018,22377.86126215286,2.0
889,67,3,2019,32914.98905903568,2.5
890,365,2,2019,23377.083042372553,2.5
891,202,1,2018,17949.35523957617,2.0
892,913,2,2017,28942.782203951178,1.0
893,99,1,2018,25040.625562859634,2.0
894,661,3,2017,21351.016112910427,1.0
895,969,2,2017,26790.08040687046,1.0
896,977,2,2018,22905.188073345493,2.0
897,160,3,2023,15398.13602936019,5.0
898,816,3,2023,21963.151379959698,5.0
899,678,2,2022,17413.682771201453,3.0
900,28,1,2018,31521.85853859607,2.0
901,466,3,2016,17279.93534269267,0.5
902,700,2,2023,17311.316902198763,5.0
903,838,3,2020,28217.796764226485,0.25
904,826,3,2022,17668.368073530364,3.0
905,198,1,2018,20956.41702327005,2.0
906,209,1,2022,16586.898784274945,3.0
907,437,1,2020,12180.397983821811,0.25
908,266,2,2020,17021.33266101515,0.25
909,770,3,2020,13862.320465520166,0.25
910,993,1,2023,47448.52246478113,5.0
911,491,2,2015,17234.338708767806,0.25
912,409,1,2015,15238.288476614565,0.25
913,934,1,2019,28669.136271069205,2.5
914,257,3,2015,28144.14146051455,0.25
915,336,2,2024,10935.316701844711,5.25
916,858,3,2023,22296.529576938658,5.0
917,233,1,2018,17356.579998279427,2.0
918,716,3,2016,22851.76080186262,0.5
919,73,2,2017,17345.771998200536,1.0
920,13,1,2023,2000.0,5.0
921,583,1,2022,25496.13268584699,3.0
922,505,1,2017,24508.51842079314,1.0
923,1,1,2022,7662.941347265472,3.0
924,159,2,2018,29954.773692609582,2.0
925,509,3,2020,29959.255430023393,0.25
926,483,2,2018,32006.06313962501,2.0
927,216,1,2019,4513.165109859325,2.5
928,195,2,2024,28443.12020148005,5.25
929,312,1,2023,11548.932048620787,5.0
930,403,1,2016,7775.9187832609205,0.5
931,4,3,2023,14859.77001644655,5.0
932,765,1,2017,17715.782060259084,1.0
933,796,2,2019,14869.764796981399,2.5
934,812,2,2021,31861.116601910882,0.25
935,542,3,2016,9643.106228287852,0.5
936,804,3,2018,29724.458684656427,2.0
937,949,1,2015,15702.233123357626,0.25
938,106,1,2017,20942.225363121186,1.0
939,122,1,2020,17221.867156535,0.25
940,955,1,2016,11920.901945731563,0.5
941,708,2,2022,11690.808357460393,3.0
942,983,1,2021,6891.869463772868,0.25
943,715,3,2017,6000.198047167452,1.0
944,772,2,2015,18270.844992240032,0.25
945,267,2,2024,33731.12166244128,5.25
946,241,1,2018,8818.59436081349,2.0
947,53,1,2018,21757.38239544962,2.0
948,124,2,2019,18513.897000706434,2.5
949,88,3,2017,32920.864688267444,1.0
950,310,1,2016,24755.86939709644,0.5
951,756,2,2016,13500.229170708395,0.5
952,852,2,2022,8102.4574065670495,3.0
953,557,1,2021,2000.0,0.25
954,913,3,2015,12378.613820749444,0.25
955,576,2,2023,41616.88116933095,5.0
956,698,2,2017,14125.350329738756,1.0
957,13,2,2017,2000.0,1.0
958,209,1,2015,3513.520135344381,0.25
959,435,2,2018,35836.43580896578,2.0
960,52,2,2024,15534.763470484844,5.25
961,911,1,2016,24030.64262488757,0.5
962,900,3,2017,23119.65439618141,1.0
963,850,2,2015,13701.863428300501,0.25
964,107,1,2017,15273.799327377095,1.0
965,521,3,2018,10614.193024135833,2.0
966,624,1,2020,2000.0,0.25
967,120,3,2017,30243.635033516577,1.0
968,67,1,2020,28017.11759970491,0.25
969,987,3,2016,19808.868059288026,0.5
970,82,3,2022,20759.88729376543,3.0
971,977,1,2019,29866.9352921151,2.5
972,714,2,2015,2000.0,0.25
973,697,3,2020,25178.85925112539,0.25
974,869,1,2017,30308.401345159087,1.0
975,888,2,2018,38907.2679741265,2.0
976,669,2,2024,29274.730035973203,5.25
977,943,1,2022,35953.218843051225,3.0
978,628,1,2022,17810.75906846571,3.0
979,114,3,2022,20171.523173584246,3.0
980,645,1,2019,11927.435819881091,2.5
981,760,2,2015,13915.628848240649,0.25
982,623,1,2023,29445.632481074295,5.0
983,454,2,2023,24344.937174219383,5.0
984,960,2,2022,25275.6401496446,3.0
985,232,1,2017,4650.270700528743,1.0
986,571,2,2020,24995.934862334478,0.25
987,803,2,2021,33703.4641132622,0.25
988,773,3,2018,24486.590008376355,2.0
989,562,2,2024,10422.429220047208,5.25
990,316,3,2021,19647.973905719973,0.25
991,783,3,2023,34230.21565132814,5.0
992,475,3,2020,23137.370686005605,0.25
993,876,3,2016,32711.543612802372,0.5
994,371,2,2020,39204.41036743841,0.25
995,615,2,2017,18186.601030088845,1.0
996,993,1,2021,9406.971090915486,0.25
997,664,3,2017,15073.28726513646,1.0
998,533,2,2022,39352.475811694065,3.0
999,258,3,2019,28432.618478256605,2.5
1000,723,3,2017,22515.3030055218,1.0
1001,429,1,2015,30854.17380043691,0.25
1002,500,3,2019,15579.565361264002,2.5
1003,594,2,2024,16837.933908633233,5.25
1004,10,2,2024,13034.736636498914,5.25
1005,941,2,2017,41819.09609131639,1.0
1006,677,2,2018,21955.218211672265,2.0
1007,663,3,2024,19036.04476939462,5.25
1008,685,2,2018,22263.463099126988,2.0
1009,425,1,2017,19156.485044593777,1.0
1010,577,3,2020,11503.226384257317,0.25
1011,762,2,2020,30854.3367185678,0.25
1012,512,2,2015,3224.8719793053097,0.25
1013,317,1,2018,22162.126613942095,2.0
1014,630,3,2015,26376.405152293974,0.25
1015,134,1,2021,4795.446338109969,0.25
1016,961,1,2021,24671.523904760837,0.25
1017,18,2,2020,15554.684973046376,0.25
1018,347,2,2016,3641.5815432718464,0.5
1019,368,1,2018,21888.23634424602,2.0
1020,767,3,2017,29295.645676046057,1.0
1021,168,3,2022,51099.03819690158,3.0
1022,934,3,2016,16087.920267502537,0.5
1023,941,1,2024,24969.6347411773,5.25
1024,17,3,2016,29324.5008329849,0.5
1025,986,2,2015,21399.95034698994,0.25
1026,909,1,2023,27320.373169730035,5.0
1027,522,1,2017,15733.631210972395,1.0
1028,507,1,2022,18215.58700252869,3.0
1029,742,3,2021,7448.393549762954,0.25
1030,474,3,2015,16262.587577537673,0.25
1031,543,2,2020,3519.792781441327,0.25
1032,727,3,2022,4453.373063884375,3.0
1033,306,3,2020,28829.96028393179,0.25
1034,379,3,2023,7072.748149402329,5.0
1035,340,3,2024,29364.869584507716,5.25
1036,151,2,2017,18415.62162697304,1.0
1037,45,2,2020,18438.01471811189,0.25
1038,987,2,2024,12591.376750772415,5.25
1039,207,3,2018,19694.756296505107,2.0
1040,422,3,2024,35413.769376983444,5.25
1041,139,1,2017,12763.962268925286,1.0
1042,392,1,2022,16531.796420153805,3.0
1043,846,3,2021,27878.309685025015,0.25
1044,384,1,2021,8434.960909243771,0.25
1045,781,2,2019,7503.072697577598,2.5
1046,726,2,2015,19517.256280560374,0.25
1047,674,2,2020,31992.887462084665,0.25
1048,449,1,2020,19126.430882519402,0.25
1049,869,2,2017,17249.509674861285,1.0
1050,992,2,2019,19659.99725535487,2.5
1051,203,2,2023,19100.007136999593,5.0
1052,10,3,2021,13526.671004001264,0.25
1053,350,3,2022,29306.112939534225,3.0
1054,76,2,2023,22244.95615032959,5.0
1055,746,2,2020,14884.90420134239,0.25
1056,745,3,2019,20637.847628349482,2.5
1057,738,3,2024,16743.513362656606,5.25
1058,887,1,2019,5791.594242099882,2.5
1059,217,3,2019,41678.86262540438,2.5
1060,292,2,2018,21319.30871027618,2.0
1061,4,3,2016,10024.702759217382,0.5
1062,378,2,2021,8539.216085593138,0.25
1063,661,1,2021,5141.886882121724,0.25
1064,893,3,2022,12645.422794959151,3.0
1065,701,1,2022,8140.714137823914,3.0
1066,606,2,2022,17821.336456715966,3.0
1067,38,2,2023,36408.54989527065,5.0
1068,588,2,2020,12981.526802556738,0.25
1069,295,2,2018,52647.66774684068,2.0
1070,89,1,2016,26551.51257218127,0.5
1071,822,3,2019,41955.05822693454,2.5
1072,830,3,2020,7048.044392757503,0.25
1073,275,2,2021,12994.940833212007,0.25
1074,514,2,2020,13525.690892835626,0.25
1075,150,1,2018,19236.786059837494,2.0
1076,606,1,2018,26801.963422665598,2.0
1077,313,2,2021,4767.432398796314,0.25
1078,100,2,2015,28697.369203257582,0.25
1079,259,3,2017,12993.976549441919,1.0
1080,279,3,2024,38233.847260939554,5.25
1081,4,3,2016,23530.247731327443,0.5
1082,412,2,2016,32536.31344519471,0.5
1083,590,1,2021,15439.962720208336,0.25
1084,710,1,2019,25491.87838725309,2.5
1085,326,1,2017,15291.905098858351,1.0
1086,937,2,2023,26091.6354284208,5.0
1087,677,2,2023,22388.00198216931,5.0
1088,519,1,2017,35327.3336393393,1.0
1089,973,1,2016,29400.378237673292,0.5
1090,1,1,2017,24754.497662432077,1.0
1091,600,2,2023,21901.70404416012,5.0
1092,418,3,2022,20768.52968864239,3.0
1093,180,3,2017,5110.936113541817,1.0
1094,10,2,2018,8697.704492358027,2.0
1095,375,3,2019,10964.28687780304,2.5
1096,956,1,2018,36585.80282620173,2.0
1097,646,3,2016,14674.968394039788,0.5
1098,452,1,2023,15508.540790932013,5.0
1099,968,2,2016,26100.31157449024,0.5
1100,110,2,2019,10822.56367427585,2.5
1101,125,1,2023,34123.04480843517,5.0
1102,432,1,2022,2000.0,3.0
1103,719,3,2015,32347.924536947372,0.25
1104,301,1,2017,38561.038564085364,1.0
1105,652,2,2024,23426.634769367203,5.25
1106,103,2,2023,13047.288021102337,5.0
1107,623,3,2017,29497.545170478574,1.0
1108,70,1,2018,12553.32010676654,2.0
1109,885,1,2017,41115.14967264263,1.0
1110,917,3,2021,25673.927379970803,0.25
1111,110,2,2023,10836.018471057663,5.0
1112,224,1,2018,28291.15434746645,2.0
1113,224,3,2023,9667.671706267818,5.0
1114,731,3,2016,12094.548730347298,0.5
1115,751,3,2016,27731.253247487566,0.5
1116,631,3,2023,12978.39752974338,5.0
1117,843,1,2021,21236.87664820007,0.25
1118,214,3,2019,25783.94854324752,2.5
1119,548,1,2019,13269.963726502707,2.5
1120,343,2,2023,14552.077247773472,5.0
1121,357,3,2018,37176.017581690554,2.0
1122,791,3,2015,26813.90584366609,0.25
1123,439,2,2020,19895.88611031596,0.25
1124,256,3,2017,19145.755374588898,1.0
1125,667,1,2016,8068.010850199666,0.5
1126,482,2,2018,24777.827983866904,2.0
1127,404,2,2023,21120.730500027545,5.0
1128,783,1,2022,29168.72941540304,3.0
1129,42,1,2021,2000.0,0.25
1130,388,2,2016,17993.640498028704,0.5
1131,29,3,2015,19125.763573580258,0.25
1132,695,1,2021,23385.660020694144,0.25
1133,1000,1,2024,22325.683181714554,5.25
1134,203,1,2019,25262.600275505632,2.5
1135,561,2,2022,18044.182207283633,3.0
1136,327,3,2019,7524.067393108522,2.5
1137,843,1,2024,5408.059882423402,5.25
1138,54,2,2019,19381.718189051302,2.5
1139,490,2,2022,49983.64581240263,3.0
1140,417,3,2023,25829.403708623006,5.0
1141,734,2,2016,45396.67979307578,0.5
1142,864,2,2022,26948.943155058376,3.0
1143,360,1,2021,9465.3626844989,0.25
1144,549,1,2022,18718.67886092986,3.0
1145,205,1,2017,45344.42862387592,1.0
1146,903,2,2018,27750.646190861306,2.0
1147,280,3,2021,27453.042571370617,0.25
1148,55,3,2019,13076.543170767665,2.5
1149,907,3,2021,20056.97211246174,0.25
1150,223,2,2020,9298.966794085614,0.25
1151,108,1,2018,15648.937215492708,2.0
1152,718,2,2016,21590.709209844124,0.5
1153,684,1,2020,13836.517777854271,0.25
1154,602,2,2020,29568.89094354801,0.25
1155,509,2,2020,14220.783633858708,0.25
1156,961,3,2015,23211.969119799964,0.25
1157,6,2,2020,29878.875559894448,0.25
1158,507,3,2016,40772.0832385003,0.5
1159,799,2,2024,23658.61005092196,5.25
1160,171,3,2019,9735.01857910828,2.5
1161,875,2,2021,19846.562417571407,0.25
1162,268,2,2024,39601.52383271331,5.25
1163,193,1,2015,29500.750806275442,0.25
1164,756,1,2019,21926.950388194655,2.5
1165,180,1,2023,25741.28903751992,5.0
1166,760,2,2017,22796.051510445253,1.0
1167,70,1,2016,7240.844844502522,0.5
1168,733,1,2024,22054.03941041613,5.25
1169,30,2,2016,13040.021618366012,0.5
1170,119,2,2017,14543.052258730953,1.0
1171,717,1,2015,17164.88492601867,0.25
1172,510,1,2016,2000.0,0.5
1173,734,2,2020,18323.370967844436,0.25
1174,460,2,2022,3205.0825664085605,3.0
1175,638,3,2018,28371.759862484956,2.0
1176,458,3,2016,2000.0,0.5
1177,567,2,2019,2652.1351788878383,2.5
1178,39,2,2017,2000.0,1.0
1179,970,1,2019,23121.19572031587,2.5
1180,850,3,2017,19939.998756651257,1.0
1181,262,1,2018,37066.598993685795,2.0
1182,184,3,2019,24321.211990900316,2.5
1183,520,1,2021,2396.386475563537,0.25
1184,980,3,2016,11584.435817758904,0.5
1185,823,2,2020,21928.55770335177,0.25
1186,873,2,2020,23314.870758384997,0.25
1187,528,2,2020,2102.078657796028,0.25
1188,888,1,2021,29019.582636833416,0.25
1189,386,3,2017,11337.135170852094,1.0
1190,576,1,2019,11539.394471047923,2.5
1191,253,2,2023,30734.670315574484,5.0
1192,11,3,2023,20106.84930747739,5.0
1193,600,3,2021,23398.016974111335,0.25
1194,211,1,2023,25285.244269587518,5.0
1195,516,2,2017,4427.245143151775,1.0
1196,643,1,2021,22496.148052254954,0.25
1197,783,1,2015,39248.321037462214,0.25
1198,360,2,2021,17909.561361169002,0.25
1199,68,2,2017,23753.53449409697,1.0
1200,427,1,2017,45412.93205717633,1.0
1201,849,3,2021,35441.50216787951,0.25
1202,9,2,2022,15610.068626618104,3.0
1203,537,2,2018,24909.44464600827,2.0
1204,577,2,2015,27537.459382620422,0.25
1205,616,2,2019,41576.7430980763,2.5
1206,66,3,2024,10871.480979089045,5.25
1207,695,3,2018,50683.021809213154,2.0
1208,173,1,2023,22892.688909675115,5.0
1209,801,1,2017,16871.581138812704,1.0
1210,22,2,2018,26216.25838475194,2.0
1211,42,1,2024,16370.74917858954,5.25
1212,204,3,2017,16651.85109793378,1.0
1213,155,2,2017,14310.055475963925,1.0
1214,523,2,2021,14545.456969589846,0.25
1215,810,2,2019,3127.764626120541,2.5
1216,462,1,2019,3674.58363275428,2.5
1217,78,2,2018,11967.80763146928,2.0
1218,104,2,2024,22685.079136671644,5.25
1219,278,3,2022,12755.995848837698,3.0
1220,649,2,2015,41160.76880805222,0.25
1221,719,1,2023,26381.907332734598,5.0
1222,763,2,2023,13294.093149925728,5.0
1223,737,1,2019,38063.14623894921,2.5
1224,57,3,2015,17841.597766446066,0.25
1225,339,3,2016,17761.1954722351,0.5
1226,799,2,2016,26422.94536519044,0.5
1227,274,3,2020,19261.47135342123,0.25
1228,908,2,2024,20980.662379475416,5.25
1229,680,3,2023,26722.33539683897,5.0
1230,890,3,2017,8589.124740548154,1.0
1231,869,1,2022,18931.367895566622,3.0
1232,685,1,2016,10609.450752635283,0.5
1233,433,2,2019,23493.808285798124,2.5
1234,897,2,2018,5889.546037406375,2.0
1235,610,1,2019,35747.86295079522,2.5
1236,391,3,2018,14081.733778834761,2.0
1237,898,2,2015,16664.227931811878,0.25
1238,889,3,2015,18851.820554228085,0.25
1239,342,1,2020,10341.056627621245,0.25
1240,260,3,2022,22323.735737627296,3.0
1241,685,3,2021,31093.89020010941,0.25
1242,174,2,2018,16700.211907716952,2.0
1243,724,3,2019,15756.384687543217,2.5
1244,195,1,2022,26437.942298042988,3.0
1245,777,3,2020,25826.923320750466,0.25
1246,978,1,2022,21243.69073465866,3.0
1247,441,1,2020,32171.906635424308,0.25
1248,272,2,2022,24131.69334960636,3.0
1249,307,1,2018,37739.90587043517,2.0
1250,308,1,2024,16971.96876466382,5.25
1251,649,2,2016,8573.873321209547,0.5
1252,595,2,2017,33911.12931962736,1.0
1253,902,2,2019,2363.288837217722,2.5
1254,556,1,2018,11555.865331476967,2.0
1255,207,2,2019,10156.907727524518,2.5
1256,117,1,2015,20610.887349787597,0.25
1257,902,1,2015,19228.23302191821,0.25
1258,5,1,2016,32129.32014889879,0.5
1259,733,2,2016,20665.353706115664,0.5
1260,942,1,2022,14260.032732214282,3.0
1261,795,1,2024,17190.02667246954,5.25
1262,499,2,2018,10614.699048666627,2.0
1263,626,2,2020,26605.666545529715,0.25
1264,762,1,2016,34876.94971017714,0.5
1265,301,1,2015,22088.886297924673,0.25
1266,425,1,2021,19821.778636374434,0.25
1267,90,2,2018,24658.021118389413,2.0
1268,28,2,2018,15451.280141729305,2.0
1269,950,3,2016,18588.984229056685,0.5
1270,544,2,2023,18343.371926792806,5.0
1271,217,1,2016,27044.648434099567,0.5
1272,821,2,2019,16137.658082546202,2.5
1273,71,2,2020,2000.0,0.25
1274,764,3,2017,8663.7792226481,1.0
1275,30,3,2017,43073.296320275156,1.0
1276,256,1,2020,18365.345951037067,0.25
1277,821,3,2019,25007.282169828173,2.5
1278,671,1,2019,19171.762069832148,2.5
1279,396,1,2019,19254.487007359647,2.5
1280,521,1,2023,8827.946762353733,5.0
1281,994,1,2022,37036.87115213672,3.0
1282,323,3,2018,12523.585261094595,2.0
1283,933,1,2020,12286.094800066963,0.25
1284,370,1,2019,23826.124069908477,2.5
1285,156,2,2020,31650.971159260476,0.25
1286,214,1,2022,17261.710131651063,3.0
1287,666,2,2020,2000.0,0.25
1288,83,3,2020,2000.0,0.25
1289,405,2,2016,35457.11669713797,0.5
1290,613,3,2021,20732.327126810396,0.25
1291,10,3,2017,33287.40182200867,1.0
1292,848,2,2021,22352.171491116213,0.25
1293,280,3,2019,11479.276213696232,2.5
1294,281,3,2018,23898.872900767692,2.0
1295,692,3,2024,22679.52779699598,5.25
1296,90,2,2015,24994.16172761267,0.25
1297,129,3,2022,20826.380249321013,3.0
1298,309,1,2016,15205.297016327368,0.5
1299,964,2,2024,31459.88945889506,5.25
1300,485,1,2022,19365.8669333362,3.0
1301,107,2,2021,22358.154796581886,0.25
1302,974,1,2017,10208.146710793808,1.0
1303,505,3,2021,9189.970924295845,0.25
1304,792,1,2015,11937.77360188725,0.25
1305,283,1,2019,9154.535624252116,2.5
1306,107,1,2016,2000.0,0.5
1307,155,2,2016,13739.577582129963,0.5
1308,856,3,2017,35234.23019695247,1.0
1309,232,3,2021,15784.630251722452,0.25
1310,449,1,2016,7387.048725095383,0.5
1311,380,1,2018,27095.43251101525,2.0
1312,807,2,2018,18821.781730577848,2.0
1313,333,1,2015,16252.308416966313,0.25
1314,596,1,2021,7986.670321336207,0.25
1315,870,1,2018,20071.9256658874,2.0
1316,932,2,2015,20344.88264511655,0.25
1317,76,1,2017,23058.161756691446,1.0
1318,965,1,2022,20739.0687215776,3.0
1319,261,1,2018,18577.5021058391,2.0
1320,337,2,2015,20017.438638138505,0.25
1321,230,2,2021,18899.505791557734,0.25
1322,906,3,2022,5246.697147547051,3.0
1323,784,2,2019,39586.85717209516,2.5
1324,984,3,2023,26012.670258853308,5.0
1325,221,3,2021,21443.67644982606,0.25
1326,693,1,2018,17689.099193691683,2.0
1327,398,3,2023,18306.4464304281,5.0
1328,714,1,2020,22913.261161489765,0.25
1329,797,2,2022,34030.39692328766,3.0
1330,412,2,2016,13120.327712814138,0.5
1331,630,3,2019,22717.294412025945,2.5
1332,629,1,2017,3818.9646573831233,1.0
1333,401,3,2019,28127.39779068777,2.5
1334,709,3,2022,23427.47380070522,3.0
1335,706,2,2020,18971.58875740303,0.25
1336,804,3,2015,2000.0,0.25
1337,498,1,2021,14270.805559320863,0.25
1338,616,2,2024,10607.641709702797,5.25
1339,174,2,2015,10858.70159234552,0.25
1340,301,3,2015,2000.0,0.25
1341,103,3,2018,16342.005257818708,2.0
1342,521,3,2023,38212.68814841936,5.0
1343,164,1,2022,27090.85858811193,3.0
1344,5,3,2024,20529.251717806066,5.25
1345,847,1,2017,25500.166622825338,1.0
1346,841,3,2020,41921.701798120805,0.25
1347,601,3,2015,9991.915157669147,0.25
1348,178,2,2024,12193.304755486763,5.25
1349,796,2,2015,15129.422122733455,0.25
1350,27,1,2020,5842.684062738261,0.25
1351,878,3,2019,23215.449692919494,2.5
1352,687,1,2020,16930.102917336946,0.25
1353,161,2,2023,26241.254888524123,5.0
1354,115,2,2019,28323.50611315141,2.5
1355,378,2,2016,33195.39457452289,0.5
1356,97,2,2015,27230.58153808976,0.25
1357,678,1,2016,16233.425314586188,0.5
1358,136,3,2022,14901.900289761936,3.0
1359,388,1,2015,10102.923869459533,0.25
1360,880,3,2020,20465.453957552356,0.25
1361,164,2,2019,23581.15789504371,2.5
1362,875,1,2024,5094.275767278003,5.25
1363,415,3,2023,31572.19014207363,5.0
1364,714,3,2018,20262.421994669658,2.0
1365,945,2,2019,16219.523412036566,2.5
1366,681,3,2019,9847.654059759976,2.5
1367,136,3,2016,34052.79244171154,0.5
1368,158,1,2016,25086.17234786573,0.5
1369,398,2,2023,28625.55843032716,5.0
1370,813,2,2017,18915.854664440943,1.0
1371,739,3,2020,36167.156120953056,0.25
1372,366,3,2018,28235.51478411026,2.0
1373,302,2,2018,33228.66760487721,2.0
1374,963,2,2019,31637.65104821226,2.5
1375,349,2,2019,13770.34041623889,2.5
1376,784,3,2021,22061.711210171667,0.25
1377,394,3,2021,33341.6380329162,0.25
1378,324,2,2015,24888.923200247482,0.25
1379,948,2,2020,10121.13259237405,0.25
1380,50,3,2018,20889.247445209763,2.0
1381,324,3,2016,28165.40754085604,0.5
1382,514,3,2020,5416.148533030211,0.25
1383,843,1,2021,10308.434701322652,0.25
1384,463,2,2016,5788.998472226855,0.5
1385,75,1,2016,24750.59959723251,0.5
1386,759,1,2024,35594.01237873983,5.25
1387,501,3,2021,2000.0,0.25
1388,727,2,2023,22082.150077691786,5.0
1389,742,3,2017,13637.546281777282,1.0
1390,754,3,2017,37083.30528231173,1.0
1391,990,3,2022,22178.449611395088,3.0
1392,188,3,2016,28551.247029684575,0.5
1393,946,2,2023,33924.99999055975,5.0
1394,129,2,2021,21759.95465970628,0.25
1395,493,3,2022,2000.0,3.0
1396,97,1,2023,18811.16545064665,5.0
1397,365,3,2017,22103.90593201096,1.0
1398,501,1,2020,8261.703863907918,0.25
1399,165,1,2022,2000.0,3.0
1400,919,3,2015,6175.767728957746,0.25
1401,177,2,2020,33309.47152045209,0.25
1402,629,3,2017,8320.69903282471,1.0
1403,722,2,2022,48065.46890134303,3.0
1404,970,1,2023,34316.9476607357,5.0
1405,960,2,2019,29158.550409544456,2.5
1406,273,2,2016,4537.760209650209,0.5
1407,327,2,2021,34063.08120531683,0.25
1408,399,3,2020,14964.88948026119,0.25
1409,563,1,2020,2000.0,0.25
1410,411,1,2015,22568.8816976566,0.25
1411,777,2,2015,24530.27284216189,0.25
1412,64,1,2020,12018.04210639656,0.25
1413,447,2,2020,13989.462308864855,0.25
1414,341,2,2018,18216.92984313126,2.0
1415,949,2,2022,17954.999951223133,3.0
1416,229,2,2023,27485.42627250612,5.0
1417,505,3,2020,17251.315117449507,0.25
1418,861,2,2024,36454.268271232424,5.25
1419,810,1,2022,23158.104225293555,3.0
1420,749,3,2022,3401.367367186642,3.0
1421,737,1,2016,31545.138523993668,0.5
1422,629,3,2018,11590.686009489007,2.0
1423,250,2,2015,31415.429663681367,0.25
1424,70,3,2015,23416.033261651286,0.25
1425,512,1,2020,11827.400288899487,0.25
1426,345,3,2021,15821.752657029632,0.25
1427,547,3,2019,24563.027249887953,2.5
1428,273,2,2022,22715.48833406184,3.0
1429,556,2,2023,29544.350996522902,5.0
1430,987,3,2018,24327.63019416429,2.0
1431,939,2,2015,19998.727051289476,0.25
1432,872,2,2020,21033.982677504966,0.25
1433,345,3,2015,18114.063954641675,0.25
1434,460,1,2016,25274.596483695936,0.5
1435,107,2,2018,24195.39651519615,2.0
1436,886,3,2018,22567.07235794209,2.0
1437,741,3,2020,43022.42152637195,0.25
1438,764,3,2022,23800.183939846902,3.0
1439,488,1,2017,32304.95570064851,1.0
1440,44,1,2020,13491.232286421262,0.25
1441,502,1,2017,20104.370898288278,1.0
1442,934,2,2016,2000.0,0.5
1443,425,3,2018,20892.685346597413,2.0
1444,921,3,2018,13871.792122109076,2.0
1445,49,1,2016,12931.165811808532,0.5
1446,60,2,2017,22147.17412341737,1.0
1447,258,2,2023,15973.206151627905,5.0
1448,577,3,2024,4565.138472385932,5.25
1449,114,1,2023,17959.758306855736,5.0
1450,771,3,2024,55466.433682416515,5.25
1451,349,1,2021,24218.227090108892,0.25
1452,398,1,2016,22789.461389593667,0.5
1453,941,3,2019,8688.971837550478,2.5
1454,674,1,2022,7582.404232418003,3.0
1455,470,1,2015,10641.568912570021,0.25
1456,676,1,2015,22803.12725365283,0.25
1457,15,1,2020,7790.894485369385,0.25
1458,549,2,2021,34292.276372635264,0.25
1459,138,1,2021,8381.705687574145,0.25
1460,265,1,2017,28075.204610983936,1.0
1461,818,1,2024,22675.5973180897,5.25
1462,931,3,2018,35041.96682946318,2.0
1463,558,2,2023,9056.377576860701,5.0
1464,618,1,2024,50678.4167140895,5.25
1465,81,1,2018,21899.631455141578,2.0
1466,303,3,2019,31973.63881744007,2.5
1467,274,2,2020,23924.92344178997,0.25
1468,113,2,2021,9380.109592068779,0.25
1469,409,2,2019,12314.876465912312,2.5
1470,931,1,2021,20251.138464128322,0.25
1471,720,2,2016,12277.150380892985,0.5
1472,819,3,2021,21488.714732176173,0.25
1473,365,3,2019,28823.297930274686,2.5
1474,241,1,2024,32816.56980813165,5.25
1475,89,1,2019,36699.010742039805,2.5
1476,695,1,2020,19547.354931126352,0.25
1477,272,1,2023,15766.297981121239,5.0
1478,255,3,2018,2673.064542577318,2.0
1479,489,1,2019,2000.0,2.5
1480,856,1,2019,19028.092232602623,2.5
1481,245,1,2017,32524.326183779904,1.0
1482,780,1,2017,21209.34792243106,1.0
1483,99,3,2015,24174.649286099655,0.25
1484,571,2,2018,9786.265108277166,2.0
1485,73,1,2023,15530.552731725955,5.0
1486,624,3,2016,31695.106449842573,0.5
1487,677,2,2024,24425.703488739913,5.25
1488,288,3,2018,15352.262618507519,2.0
1489,953,2,2023,26693.34764855125,5.0
1490,211,3,2023,21219.146847687975,5.0
1491,534,1,2022,30849.937136188346,3.0
1492,941,2,2016,24868.644201511474,0.5
1493,866,3,2017,16723.260795847225,1.0
1494,83,1,2020,17773.74461358633,0.25
1495,242,1,2016,6285.775093446633,0.5
1496,12,2,2017,3811.7169649343086,1.0
1497,978,3,2015,15568.94827618075,0.25
1498,517,1,2018,33533.71045082854,2.0
1499,794,3,2020,24278.097573913634,0.25
1500,116,1,2015,17083.295129635393,0.25
1501,347,1,2015,26603.647007038802,0.25
1502,20,1,2022,31156.79135018317,3.0
1503,701,2,2021,13904.737557662576,0.25
1504,136,3,2021,13952.24244151042,0.25
1505,446,2,2021,51915.538210662315,0.25
1506,438,2,2019,11077.119946337118,2.5
1507,848,2,2018,14477.151973900005,2.0
1508,570,2,2021,16423.41304928625,0.25
1509,962,2,2017,10013.275687871826,1.0
1510,173,1,2023,2000.0,5.0
1511,705,1,2016,20907.409163005057,0.5
1512,517,1,2015,13718.615510716925,0.25
1513,159,2,2022,24438.197036760732,3.0
1514,791,1,2020,11645.8305212115,0.25
1515,405,1,2018,32582.696452211116,2.0
1516,512,1,2024,19471.723721506085,5.25
1517,652,2,2023,11593.964187391002,5.0
1518,4,3,2019,13170.298079872886,2.5
1519,805,3,2015,17477.928927468725,0.25
1520,587,1,2015,33691.37781839701,0.25
1521,746,2,2021,14168.827671818044,0.25
1522,104,3,2015,3894.093394379457,0.25
1523,373,1,2020,37410.76114560517,0.25
1524,649,2,2021,2000.0,0.25
1525,282,3,2024,43523.400484159545,5.25
1526,743,3,2019,2000.0,2.5
1527,283,2,2017,16071.945265443108,1.0
1528,477,3,2017,15624.919113554035,1.0
1529,750,1,2016,28767.49432719854,0.5
1530,235,1,2015,26988.118658590723,0.25
1531,702,2,2022,39479.42684537814,3.0
1532,178,2,2023,4808.224079365644,5.0
1533,857,1,2016,2738.7358588787065,0.5
1534,338,2,2018,30498.44652986844,2.0
1535,502,3,2017,42730.46074522541,1.0
1536,222,3,2018,32207.264122532426,2.0
1537,456,3,2018,27367.20745213803,2.0
1538,898,3,2022,31873.817225881467,3.0
1539,726,2,2017,6522.862242722849,1.0
1540,725,3,2017,17671.81377901829,1.0
1541,895,2,2020,20330.514419060368,0.25
1542,359,1,2017,18966.49701056221,1.0
1543,410,3,2019,25296.656148330243,2.5
1544,605,2,2018,19746.330036716838,2.0
1545,965,1,2018,15551.869990871794,2.0
1546,558,3,2016,8489.40982034811,0.5
1547,462,3,2023,18557.4186229769,5.0
1548,767,3,2019,7039.107595304393,2.5
1549,191,2,2019,19058.458530601627,2.5
1550,995,2,2021,23250.532724650704,0.25
1551,838,1,2017,13393.906209799788,1.0
1552,919,3,2020,27469.010820953798,0.25
1553,145,1,2015,30295.17906131893,0.25
1554,344,2,2019,14984.031099768334,2.5
1555,616,3,2019,16182.632180261124,2.5
1556,576,1,2023,27337.27741016655,5.0
1557,157,3,2019,9909.290979052428,2.5
1558,308,2,2022,8922.429693099215,3.0
1559,894,1,2017,16476.10546096909,1.0
1560,862,3,2020,19821.267927616387,0.25
1561,128,3,2016,14507.37699517054,0.5
1562,24,3,2023,25721.62247990026,5.0
1563,931,1,2020,6388.304199073349,0.25
1564,125,2,2019,24499.51105610758,2.5
1565,175,2,2023,14607.761643906599,5.0
1566,101,1,2015,35889.40969649396,0.25
1567,51,3,2017,29121.521635948073,1.0
1568,258,1,2016,21262.40882593787,0.5
1569,661,1,2023,19587.707266021473,5.0
1570,168,2,2020,14848.001594630352,0.25
1571,105,1,2020,2000.0,0.25
1572,581,3,2019,21107.222271362632,2.5
1573,35,2,2018,31362.40619461391,2.0
1574,428,2,2018,10564.14951310708,2.0
1575,675,3,2016,11765.206376701846,0.5
1576,339,1,2021,21038.89902320334,0.25
1577,720,2,2020,7340.449578161717,0.25
1578,153,1,2017,12691.087024336734,1.0
1579,506,3,2021,15587.888774627305,0.25
1580,80,2,2023,21241.169798507883,5.0
1581,31,3,2024,40616.914257311044,5.25
1582,225,2,2015,19521.510208539123,0.25
1583,767,3,2024,23817.94247346364,5.25
1584,209,1,2022,19245.655989559997,3.0
1585,981,3,2016,22996.04200573742,0.5
1586,180,3,2015,21510.66286068653,0.25
1587,419,3,2023,29669.637678030464,5.0
1588,497,3,2016,36864.51618986482,0.5
1589,919,3,2021,18508.669955156525,0.25
1590,305,1,2021,16354.49044469839,0.25
1591,656,1,2015,43722.210734863926,0.25
1592,742,2,2024,37034.309515299596,5.25
1593,314,3,2015,23514.469520553368,0.25
1594,818,1,2021,32595.25382332568,0.25
1595,334,3,2020,36307.46525506595,0.25
1596,64,3,2018,17832.213086208358,2.0
1597,308,2,2017,29790.70447682833,1.0
1598,40,3,2019,21808.601426042274,2.5
1599,243,1,2019,22100.7188763898,2.5
1600,361,2,2017,28159.66672526132,1.0
1601,245,2,2020,37679.78722578031,0.25
1602,822,2,2017,25651.028459229998,1.0
1603,882,3,2018,29478.921337837135,2.0
1604,609,2,2017,29409.818517538322,1.0
1605,981,1,2020,33447.624769306974,0.25
1606,145,1,2023,26176.30007741112,5.0
1607,900,2,2017,22737.429531091635,1.0
1608,976,2,2015,16969.554951999387,0.25
1609,568,2,2021,26983.76627355069,0.25
1610,30,3,2019,16567.441577574984,2.5
1611,620,2,2018,21378.437937143655,2.0
1612,930,2,2017,10125.022372871977,1.0
1613,726,3,2021,41615.83773054478,0.25
1614,428,2,2016,9485.689599991214,0.5
1615,733,2,2018,26062.841713511574,2.0
1616,382,1,2016,12659.238960768926,0.5
1617,453,1,2024,6706.102509463692,5.25
1618,961,1,2022,25267.333862777818,3.0
1619,616,3,2017,35526.33606835656,1.0
1620,181,1,2019,12808.04140211928,2.5
1621,985,1,2018,26411.657085137318,2.0
1622,498,2,2019,38551.58070621209,2.5
1623,639,3,2018,43471.702211040065,2.0
1624,198,2,2022,17781.9889689789,3.0
1625,343,2,2020,20156.66961319197,0.25
1626,33,3,2015,21817.279999145023,0.25
1627,334,3,2019,27918.72968325496,2.5
1628,234,2,2015,18919.342483117707,0.25
1629,548,2,2017,27196.03980222378,1.0
1630,530,2,2020,20104.575884656242,0.25
1631,887,3,2023,13148.453582095615,5.0
1632,819,2,2017,25166.027414707572,1.0
1633,953,2,2018,14947.372550966375,2.0
1634,744,1,2024,10769.615465910387,5.25
1635,428,1,2015,20734.352457887533,0.25
1636,266,1,2024,12536.925563403503,5.25
1637,295,1,2016,17106.093254978918,0.5
1638,440,1,2021,30413.172747074044,0.25
1639,561,2,2022,14728.918837663816,3.0
1640,570,2,2015,8626.0597879915,0.25
1641,332,3,2023,26524.87205949119,5.0
1642,870,3,2020,31642.97734501359,0.25
1643,151,3,2015,16284.64058825744,0.25
1644,647,2,2018,34118.35053466585,2.0
1645,301,1,2018,26372.374070761507,2.0
1646,878,2,2021,35082.25060280522,0.25
1647,345,2,2015,11118.922701184805,0.25
1648,311,3,2024,2603.9340702513,5.25
1649,636,3,2023,25877.7910292378,5.0
1650,183,3,2015,20532.23787366432,0.25
1651,717,3,2024,22933.951244380525,5.25
1652,934,2,2017,24838.98625130846,1.0
1653,147,3,2015,36067.35406041579,0.25
1654,621,1,2015,14024.612371440177,0.25
1655,150,2,2018,37468.971711867525,2.0
1656,745,1,2016,15443.725718162681,0.5
1657,267,2,2023,25381.395745258014,5.0
1658,490,2,2015,24396.015600684834,0.25
1659,131,3,2017,12571.890872827233,1.0
1660,147,1,2016,24982.011872255636,0.5
1661,603,2,2015,10463.732382763137,0.25
1662,903,1,2023,2000.0,5.0
1663,375,2,2019,30068.413113152747,2.5
1664,485,2,2020,30627.608368305227,0.25
1665,504,2,2022,5914.730038953712,3.0
1666,504,1,2021,17657.56419738179,0.25
1667,219,2,2021,9147.580666664779,0.25
1668,495,1,2023,26525.865726587504,5.0
1669,546,1,2017,31300.338391134785,1.0
1670,11,3,2024,11352.976860658053,5.25
1671,998,1,2022,2000.0,3.0
1672,261,2,2020,25058.4611752313,0.25
1673,71,2,2022,26103.708551734435,3.0
1674,164,2,2018,11402.399955085608,2.0
1675,261,2,2015,15055.44405503909,0.25
1676,696,1,2017,12307.873283043682,1.0
1677,645,3,2024,20166.78562511907,5.25
1678,795,1,2017,28366.85223676043,1.0
1679,861,2,2015,24163.453892379657,0.25
1680,411,1,2019,25510.176513513266,2.5
1681,416,3,2020,7249.90527560746,0.25
1682,345,3,2023,14403.89307897623,5.0
1683,234,3,2022,31822.85471749933,3.0
1684,882,3,2018,8027.99064139827,2.0
1685,866,3,2020,11667.202445774541,0.25
1686,15,1,2017,26347.73718827374,1.0
1687,617,3,2015,2000.0,0.25
1688,354,3,2023,10047.325208396684,5.0
1689,483,2,2022,27914.552086901953,3.0
1690,438,3,2020,4742.473823841574,0.25
1691,20,1,2017,12370.299497477175,1.0
1692,760,2,2019,26056.84797411791,2.5
1693,472,1,2023,8890.449658791706,5.0
1694,162,2,2021,28556.182841589827,0.25
1695,639,3,2016,22759.404212893394,0.5
1696,34,1,2020,17394.31316824534,0.25
1697,115,2,2023,2000.0,5.0
1698,430,1,2024,20231.806561246896,5.25
1699,731,2,2015,4318.750870878299,0.25
1700,754,3,2019,2788.259119851562,2.5
1701,21,1,2023,23958.327671141087,5.0
1702,737,1,2017,22763.703338635023,1.0
1703,167,1,2017,2000.0,1.0
1704,296,3,2024,17238.91183775509,5.25
1705,172,3,2023,24721.759308642242,5.0
1706,164,2,2017,22647.567671780595,1.0
1707,823,1,2023,21990.20022280986,5.0
1708,217,2,2024,17412.340382892966,5.25
1709,199,2,2017,30745.537796334924,1.0
1710,50,3,2022,21671.20090216167,3.0
1711,498,1,2024,31316.076838562803,5.25
1712,442,3,2023,20440.218552030754,5.0
1713,330,1,2017,8634.718720060957,1.0
1714,330,2,2015,21743.720571082235,0.25
1715,294,3,2023,6557.865413669937,5.0
1716,280,3,2021,24272.86520647927,0.25
1717,364,1,2020,39008.44343247966,0.25
1718,970,2,2018,20626.073099981073,2.0
1719,571,3,2019,19023.245457014,2.5
1720,173,2,2021,29029.6535356057,0.25
1721,154,3,2023,22572.05715914803,5.0
1722,734,3,2020,43815.6965178993,0.25
1723,731,3,2018,19588.72051565481,2.0
1724,492,2,2018,23186.619633778442,2.0
1725,595,2,2024,30353.76352550935,5.25
1726,961,2,2017,5386.176826590203,1.0
1727,993,2,2016,27144.9623998352,0.5
1728,267,2,2018,15617.824691555277,2.0
1729,946,2,2020,16968.35098087867,0.25
1730,640,2,2015,27675.26231407832,0.25
1731,698,1,2016,13054.451858447756,0.5
1732,886,2,2022,17620.313891466118,3.0
1733,418,2,2017,18496.629561074114,1.0
1734,742,1,2015,19150.68571015952,0.25
1735,272,1,2016,13072.34204369815,0.5
1736,443,2,2017,25574.362834543077,1.0
1737,513,2,2016,8117.357784585354,0.5
1738,809,2,2018,2000.0,2.0
1739,412,1,2018,17043.615742614704,2.0
1740,15,3,2024,25346.684813687047,5.25
1741,80,3,2016,25627.65848552233,0.5
1742,686,3,2015,23102.712686335144,0.25
1743,544,3,2017,16616.224936885694,1.0
1744,551,3,2018,24009.537318215338,2.0
1745,705,2,2020,18616.49443454719,0.25
1746,240,3,2019,19315.99830369423,2.5
1747,585,2,2016,2000.0,0.5
1748,605,1,2018,15539.182683672745,2.0
1749,89,1,2020,2000.0,0.25
1750,971,3,2018,41173.59300307706,2.0
1751,254,1,2021,28610.77233548705,0.25
1752,746,2,2020,31955.123162212287,0.25
1753,139,3,2020,14887.207448427354,0.25
1754,710,3,2024,19210.143861668024,5.25
1755,290,2,2016,7014.619311351622,0.5
1756,306,2,2021,8463.818877729931,0.25
1757,172,2,2023,17354.399690757386,5.0
1758,526,3,2020,14450.524313373444,0.25
1759,328,1,2022,24505.7757974414,3.0
1760,153,1,2020,23958.919162467842,0.25
1761,708,1,2020,16030.342583971817,0.25
1762,178,1,2018,28297.59115870692,2.0
1763,607,3,2020,8448.413097219254,0.25
1764,853,2,2024,7446.329934133024,5.25
1765,749,1,2018,25061.56041041269,2.0
1766,416,3,2024,25423.020717948148,5.25
1767,311,3,2020,28472.21328089171,0.25
1768,590,1,2015,5597.521106106258,0.25
1769,244,2,2021,11681.73976335059,0.25
1770,732,2,2016,23010.34994171487,0.5
1771,409,3,2020,23249.106470900264,0.25
1772,220,2,2023,38940.75217085806,5.0
1773,719,3,2024,9774.45328273591,5.25
1774,436,2,2017,41367.43936125139,1.0
1775,184,1,2018,25174.61603222615,2.0
1776,627,2,2019,31652.50044000559,2.5
1777,124,1,2022,26080.848117941707,3.0
1778,238,1,2024,12611.508544013475,5.25
1779,620,3,2020,14433.785372940056,0.25
1780,406,1,2022,20030.8234556792,3.0
1781,559,3,2017,4761.117611005557,1.0
1782,198,1,2017,3693.7453476276132,1.0
1783,563,1,2023,13820.085348175244,5.0
1784,706,1,2020,27002.25650900943,0.25
1785,582,2,2022,13417.26088784856,3.0
1786,887,2,2018,19298.803599034636,2.0
1787,87,1,2019,18514.35646983197,2.5
1788,986,3,2023,30087.78828446028,5.0
1789,75,1,2021,24247.007609095803,0.25
1790,705,3,2019,28544.80580084565,2.5
1791,732,1,2021,31666.34958457111,0.25
1792,790,1,2023,10119.468785730056,5.0
1793,937,3,2017,2000.0,1.0
1794,333,3,2017,15909.82100349842,1.0
1795,745,2,2018,31329.572686957814,2.0
1796,431,3,2024,26935.111406537377,5.25
1797,956,1,2021,16222.162417421736,0.25
1798,370,3,2019,39185.55143987199,2.5
1799,740,2,2019,27764.60933454055,2.5
1800,918,1,2018,13979.05605665781,2.0
1801,900,1,2022,31652.677235181196,3.0
1802,44,1,2017,4179.873574449197,1.0
1803,297,3,2016,23309.325964101954,0.5
1804,767,1,2018,14702.236779013256,2.0
1805,466,1,2022,19322.500912039362,3.0
1806,250,3,2018,26050.83285865646,2.0
1807,422,1,2022,29252.25297113897,3.0
1808,913,3,2019,21119.972021174864,2.5
1809,473,3,2023,17794.281192915558,5.0
1810,273,2,2016,2804.1649078413902,0.5
1811,989,1,2022,4390.121124103129,3.0
1812,173,3,2021,2000.0,0.25
1813,236,2,2016,21662.939373233043,0.5
1814,46,3,2019,29232.6726031839,2.5
1815,392,1,2020,2000.0,0.25
1816,733,2,2023,30529.199467615814,5.0
1817,655,3,2022,33902.392013691,3.0
1818,233,2,2021,21817.227389432897,0.25
1819,417,1,2015,35404.67154414952,0.25
1820,945,3,2024,19566.589397085736,5.25
1821,266,1,2017,7435.171106606769,1.0
1822,190,3,2015,16696.84596674035,0.25
1823,183,2,2024,36047.09819081092,5.25
1824,826,1,2020,13868.579137968405,0.25
1825,357,2,2017,24196.105854304296,1.0
1826,703,3,2016,25433.914274106748,0.5
1827,139,3,2024,31755.010292701518,5.25
1828,547,1,2016,2000.0,0.5
1829,505,1,2022,33850.34569342759,3.0
1830,482,3,2015,10548.62857825211,0.25
1831,352,2,2023,35158.2220604183,5.0
1832,342,3,2021,16362.779095442529,0.25
1833,644,2,2015,16405.929108919492,0.25
1834,885,1,2019,27703.70586317242,2.5
1835,834,2,2019,33037.907521245135,2.5
1836,929,3,2016,15280.690005690973,0.5
1837,73,2,2015,17179.299946380313,0.25
1838,163,1,2021,13921.202429202654,0.25
1839,806,2,2023,14248.487092518877,5.0
1840,223,3,2022,24965.808465016184,3.0
1841,974,3,2021,19090.231600996245,0.25
1842,185,2,2018,32581.62993241891,2.0
1843,95,3,2024,13064.418351845394,5.25
1844,801,1,2021,27530.565694111214,0.25
1845,684,2,2022,27115.434509774575,3.0
1846,309,2,2023,17185.493562299,5.0
1847,976,2,2023,17451.19408424003,5.0
1848,148,3,2019,24873.975215999537,2.5
1849,319,2,2019,13077.830290681584,2.5
1850,179,2,2020,16362.970482276942,0.25
1851,882,2,2022,6951.730667477817,3.0
1852,654,2,2017,10908.99002194892,1.0
1853,291,1,2017,9653.955249620887,1.0
1854,622,3,2019,10626.255327291914,2.5
1855,497,1,2015,2432.8143208511574,0.25
1856,301,2,2019,3486.4512318458037,2.5
1857,161,3,2023,28686.541755851948,5.0
1858,61,2,2019,18586.405907800854,2.5
1859,861,1,2021,32458.093561748483,0.25
1860,72,2,2024,30465.520118705477,5.25
1861,437,1,2023,15373.761344448194,5.0
1862,482,1,2022,10736.71595320752,3.0
1863,115,3,2019,21517.81203081943,2.5
1864,206,2,2016,15560.15762721468,0.5
1865,334,2,2019,26363.724874610994,2.5
1866,306,2,2024,2000.0,5.25
1867,911,3,2022,23367.919178860924,3.0
1868,554,1,2015,35899.556780931256,0.25
1869,882,3,2024,16025.326805756107,5.25
1870,532,3,2018,26135.500609321236,2.0
1871,604,1,2015,7726.149609462247,0.25
1872,580,2,2019,13994.377917952355,2.5
1873,135,1,2016,11221.253963487108,0.5
1874,578,1,2016,35328.39633954971,0.5
1875,841,1,2021,39618.359918776805,0.25
1876,151,2,2018,15088.818687727662,2.0
1877,548,1,2016,33013.30699137541,0.5
1878,140,3,2017,25837.471142794202,1.0
1879,407,1,2017,16157.401837757963,1.0
1880,735,1,2016,35907.310763495625,0.5
1881,490,3,2021,14201.217059421848,0.25
1882,907,2,2015,13544.094616322724,0.25
1883,897,3,2023,9751.50306681404,5.0
1884,205,2,2019,28875.83853032928,2.5
1885,295,2,2018,10481.983558947375,2.0
1886,861,2,2017,18554.544833214164,1.0
1887,582,2,2017,16531.6643134097,1.0
1888,671,3,2017,14760.566996393649,1.0
1889,905,2,2015,17726.894131653924,0.25
1890,184,3,2016,15813.875863749123,0.5
1891,18,1,2021,35851.32051491365,0.25
1892,383,3,2017,24416.180739176587,1.0
1893,571,1,2020,20892.876223548832,0.25
1894,835,3,2018,15853.190370366796,2.0
1895,736,1,2024,7454.253080386496,5.25
1896,621,3,2019,13720.967530389236,2.5
1897,643,3,2022,19769.757079334468,3.0
1898,542,3,2016,19380.761173420797,0.5
1899,508,3,2024,21515.802671528178,5.25
1900,192,1,2019,34625.33536128318,2.5
1901,198,2,2016,15516.471053199102,0.5
1902,242,3,2023,34100.87471056692,5.0
1903,91,1,2016,17968.878998659093,0.5
1904,2,3,2015,21993.99320125788,0.25
1905,788,2,2018,19004.11391998442,2.0
1906,977,1,2021,33280.036791700986,0.25
1907,609,1,2016,11596.503901922333,0.5
1908,465,1,2024,27964.04933323102,5.25
1909,997,3,2023,37435.700951485465,5.0
1910,285,3,2015,18963.18604677269,0.25
1911,777,2,2015,2000.0,0.25
1912,4,2,2022,8777.467110308044,3.0
1913,238,3,2019,15685.208881554561,2.5
1914,552,3,2023,23969.891744187444,5.0
1915,439,1,2022,33165.64229332527,3.0
1916,909,3,2020,18983.163328138235,0.25
1917,390,1,2018,15594.220022270616,2.0
1918,329,2,2020,26659.45062115291,0.25
1919,794,3,2016,18359.40197275688,0.5
1920,241,2,2019,20261.523061292766,2.5
1921,615,3,2024,15161.483711145122,5.25
1922,809,3,2017,36366.25304576219,1.0
1923,495,1,2017,21891.759073659556,1.0
1924,810,3,2015,31782.609038851373,0.25
1925,896,2,2022,23738.20216739352,3.0
1926,974,3,2024,31203.32327280822,5.25
1927,61,2,2017,28508.94813581066,1.0
1928,62,3,2015,28436.655355313662,0.25
1929,738,2,2018,24649.96860601751,2.0
1930,767,2,2015,4750.581483504458,0.25
1931,765,2,2015,4426.796310522403,0.25
1932,452,3,2015,9746.36876191525,0.25
1933,277,1,2016,31765.712503296065,0.5
1934,159,2,2015,26504.75458956763,0.25
1935,239,2,2020,16692.51949995589,0.25
1936,43,1,2021,34586.86301603915,0.25
1937,917,2,2015,30088.595911784832,0.25
1938,875,2,2024,25279.423325751974,5.25
1939,413,3,2015,27177.35745635137,0.25
1940,439,1,2024,25951.10704145521,5.25
1941,314,2,2023,7708.71736596821,5.0
1942,152,3,2023,20498.508680911655,5.0
1943,813,3,2015,25454.63881582995,0.25
1944,80,3,2022,19688.092769526396,3.0
1945,137,3,2017,12872.789753845205,1.0
1946,725,1,2021,2824.3607034214365,0.25
1947,450,1,2015,11869.898208945888,0.25
1948,386,3,2021,29255.69957570463,0.25
1949,677,1,2015,25610.80356171922,0.25
1950,383,3,2017,4161.267628267398,1.0
1951,165,2,2021,27550.65045753986,0.25
1952,709,2,2015,6909.838131272232,0.25
1953,302,3,2023,18100.751135813505,5.0
1954,774,2,2019,28142.45047297919,2.5
1955,48,3,2016,16755.791859490942,0.5
1956,127,2,2018,6092.075865713972,2.0
1957,368,2,2022,2000.0,3.0
1958,648,1,2018,10542.551912638915,2.0
1959,32,3,2024,15665.356500798383,5.25
1960,507,1,2019,23976.49783662774,2.5
1961,613,3,2016,13996.857854617454,0.5
1962,77,2,2019,14847.182702561884,2.5
1963,707,3,2021,14829.931223945696,0.25
1964,201,3,2023,12884.169404277083,5.0
1965,68,3,2022,38517.47609307696,3.0
1966,28,3,2024,22525.85146719275,5.25
1967,936,2,2020,10520.48609242144,0.25
1968,400,2,2023,2000.0,5.0
1969,57,1,2021,21254.453260306644,0.25
1970,203,3,2017,34544.66102637016,1.0
1971,567,1,2015,25115.43606322875,0.25
1972,83,2,2019,45551.5398593641,2.5
1973,618,2,2023,14230.78291328919,5.0
1974,251,3,2022,25280.825508731672,3.0
1975,342,3,2020,4995.312769826447,0.25
1976,423,1,2022,2374.296269863349,3.0
1977,844,2,2022,18182.925346057968,3.0
1978,439,1,2017,31649.55642273881,1.0
1979,414,2,2020,36829.07123645771,0.25
1980,872,2,2021,20558.514109722873,0.25
1981,938,1,2016,10955.270803759382,0.5
1982,133,2,2021,2000.0,0.25
1983,869,2,2024,13970.176893416554,5.25
1984,429,1,2020,19451.3383210061,0.25
1985,704,2,2016,14126.898206064023,0.5
1986,544,1,2016,2000.0,0.5
1987,610,3,2020,19890.40849453195,0.25
1988,268,2,2017,16388.211118255444,1.0
1989,107,1,2020,24441.214813469553,0.25
1990,66,2,2023,11683.405922989195,5.0
1991,52,2,2024,16076.018939340074,5.25
1992,711,1,2015,19942.416410253583,0.25
1993,288,3,2017,23456.938429252375,1.0
1994,232,1,2016,14953.24360912883,0.5
1995,163,2,2017,12050.576133056678,1.0
1996,241,3,2016,8696.09989505854,0.5
1997,390,3,2017,20491.82424619706,1.0
1998,22,2,2018,15837.483629282164,2.0
1999,729,1,2021,36637.79009815384,0.25
2000,687,1,2016,17761.59849415288,0.5
